City_ID,City,Country,Date,Lat,Lng,Max Temp,Humidity,Cloudiness,Wind Speed
0,Bluff,NZ,2021-07-21 12:53:31,-46.6,168.3333,43.81,89,100,9.01
1,Ushuaia,AR,2021-07-21 12:53:31,-54.8,-68.3,28.06,80,20,8.05
2,Avarua,CK,2021-07-21 12:53:32,-21.2078,-159.775,75.25,94,40,9.22
3,Kapaa,US,2021-07-21 12:53:32,22.0752,-159.319,73.47,75,98,1.99
4,Albany,US,2021-07-21 12:50:08,42.6001,-73.9662,69.03,90,44,7.38
5,Khislavichi,RU,2021-07-21 12:53:33,54.1871,32.1582,70.34,52,100,7.25
6,Ouallam,NE,2021-07-21 12:53:33,14.3188,2.0866,88.97,39,100,6.08
7,Emba,KZ,2021-07-21 12:53:33,48.8264,58.1442,96.48,20,19,5.95
8,Kumluca,TR,2021-07-21 12:53:34,36.3703,30.2869,91.62,49,0,10.45
9,Torbay,CA,2021-07-21 12:53:34,47.6666,-52.7314,68.88,96,75,6.91
10,Yellowknife,CA,2021-07-21 12:53:35,62.456,-114.3525,62.29,82,1,6.91
11,Bethel,US,2021-07-21 12:51:11,41.3712,-73.414,74.64,83,75,1.01
12,Hilo,US,2021-07-21 12:52:22,19.7297,-155.09,72.81,85,75,6.91
13,Georgetown,MY,2021-07-21 12:53:35,5.4112,100.3354,87.75,71,20,4.61
14,Asau,RO,2021-07-21 12:53:36,46.4333,26.4,71.96,55,85,8.01
15,Hobart,AU,2021-07-21 12:53:36,-42.8794,147.3294,49.91,76,75,4.0
16,Tasiilaq,GL,2021-07-21 12:53:37,65.6145,-37.6368,41.2,91,94,1.48
17,Butaritari,KI,2021-07-21 12:53:37,3.0707,172.7902,81.64,78,60,10.0
18,Sao Felix Do Xingu,BR,2021-07-21 12:53:37,-6.6447,-51.995,88.47,31,5,3.11
19,Owase,JP,2021-07-21 12:53:38,34.0667,136.2,74.57,82,13,3.98
20,Castro,BR,2021-07-21 12:53:38,-24.7911,-50.0119,55.17,46,6,2.55
21,Grand Gaube,MU,2021-07-21 12:53:38,-20.0064,57.6608,68.4,85,94,8.99
22,Rikitea,PF,2021-07-21 12:50:09,-23.1203,-134.9692,70.07,71,100,18.81
23,Marawi,PH,2021-07-21 12:53:39,7.9986,124.2928,69.94,84,100,5.1
24,Necochea,AR,2021-07-21 12:53:39,-38.5473,-58.7368,49.26,63,100,4.63
25,Vaini,TO,2021-07-21 12:53:40,-21.2,-175.2,73.56,94,20,5.75
26,Pisco,PE,2021-07-21 12:53:40,-13.7,-76.2167,60.85,82,90,8.05
27,Baykit,RU,2021-07-21 12:53:01,61.67,96.37,62.01,75,98,0.92
28,Esperance,AU,2021-07-21 12:53:40,-33.8667,121.9,55.24,82,100,30.71
29,Santiago,CL,2021-07-21 12:49:35,-33.4569,-70.6483,63.28,47,0,4.61
30,Namibe,AO,2021-07-21 12:51:41,-15.1961,12.1522,74.53,61,3,14.07
31,Port-Cartier,CA,2021-07-21 12:53:41,50.0334,-66.8654,65.93,56,100,5.55
32,Khatanga,RU,2021-07-21 12:53:42,71.9667,102.5,55.87,88,100,7.67
33,Tuktoyaktuk,CA,2021-07-21 12:53:42,69.4541,-133.0374,59.88,67,11,12.17
34,Busselton,AU,2021-07-21 12:49:01,-33.65,115.3333,51.08,81,88,9.17
35,Xinmin,CN,2021-07-21 12:53:42,41.9908,122.8253,79.05,79,100,6.42
36,Punta Arenas,CL,2021-07-21 12:52:18,-53.15,-70.9167,30.22,93,75,4.61
37,Bardiyah,LY,2021-07-21 12:53:43,31.7561,25.0865,84.79,59,1,20.13
38,Luderitz,NA,2021-07-21 12:53:43,-26.6481,15.1594,67.1,29,0,24.99
39,Provideniya,RU,2021-07-21 12:53:44,64.3833,-173.3,42.96,82,100,5.08
40,Mehamn,NO,2021-07-21 12:53:44,71.0357,27.8492,46.35,81,75,21.85
41,Kemijarvi,FI,2021-07-21 12:53:44,66.7131,27.4306,56.5,47,100,10.85
42,Cape Town,ZA,2021-07-21 12:51:43,-33.9258,18.4232,57.11,72,75,13.0
43,Sokoto,NG,2021-07-21 12:53:45,13.0609,5.239,92.98,41,100,12.24
44,Korcula,HR,2021-07-21 12:53:45,42.9622,17.1369,90.16,64,0,13.8
45,Kahului,US,2021-07-21 12:53:46,20.8947,-156.47,76.26,88,1,13.8
46,Krasnoselkup,RU,2021-07-21 12:53:46,65.7,82.4667,70.12,50,100,7.14
47,Berlevag,NO,2021-07-21 12:53:47,70.8578,29.0864,46.4,76,75,23.02
48,Arraial Do Cabo,BR,2021-07-21 12:53:47,-22.9661,-42.0278,66.06,68,0,3.44
49,Saint-Pierre,RE,2021-07-21 12:53:47,-21.3393,55.4781,76.64,73,20,20.71
50,Rio Pardo De Minas,BR,2021-07-21 12:53:48,-15.6097,-42.5397,66.54,69,100,9.26
51,Grand-Santi,GF,2021-07-21 12:53:48,4.25,-54.3833,82.06,74,41,2.62
52,Faanui,PF,2021-07-21 12:53:48,-16.4833,-151.75,78.94,77,18,20.42
53,Te Anau,NZ,2021-07-21 12:53:49,-45.4167,167.7167,44.15,96,100,2.75
54,Ostrovnoy,RU,2021-07-21 12:53:49,68.0531,39.5131,51.12,66,98,16.22
55,Havoysund,NO,2021-07-21 12:53:50,70.9963,24.6622,47.28,83,100,26.44
56,Nelson Bay,AU,2021-07-21 12:53:50,-32.7167,152.15,52.0,61,100,16.51
57,Alofi,NU,2021-07-21 12:53:51,-19.0595,-169.9187,69.69,94,100,3.44
58,Saint George,US,2021-07-21 12:53:51,37.1041,-113.5841,83.62,51,1,1.99
59,Vila Franca Do Campo,PT,2021-07-21 12:53:51,37.7167,-25.4333,72.01,68,26,9.91
60,Naze,JP,2021-07-21 12:53:52,28.3667,129.4833,77.63,91,100,27.36
61,Brownfield,US,2021-07-21 12:53:52,33.1812,-102.2744,67.95,66,0,3.53
62,Assiniboia,CA,2021-07-21 12:53:53,49.6334,-105.9845,66.11,94,38,6.91
63,Mahebourg,MU,2021-07-21 12:53:53,-20.4081,57.7,68.29,94,75,16.11
64,Isangel,VU,2021-07-21 12:53:53,-19.55,169.2667,74.82,91,39,3.58
65,Turkmenabat,TM,2021-07-21 12:53:54,39.0733,63.5786,105.78,12,75,16.11
66,Makurdi,NG,2021-07-21 12:53:55,7.7411,8.5121,83.84,72,59,8.52
67,Pangnirtung,CA,2021-07-21 12:53:55,66.1451,-65.7125,42.8,93,90,11.5
68,Lata,PT,2021-07-21 12:53:56,40.1629,-8.3327,81.36,50,6,9.71
69,Petropavlovsk-Kamchatskiy,RU,2021-07-21 12:53:56,53.0452,158.6483,55.99,100,0,2.24
70,Ambon,ID,2021-07-21 12:53:57,-3.6954,128.1814,79.23,84,100,11.39
71,Aneho,TG,2021-07-21 12:53:57,6.2333,1.6,84.4,68,84,14.16
72,Codrington,AU,2021-07-21 12:53:57,-38.2667,141.9667,44.98,92,100,9.22
73,Labuhan,ID,2021-07-21 12:53:58,-6.8844,112.2051,80.92,74,32,7.29
74,Tezu,IN,2021-07-21 12:53:58,27.9167,96.1667,82.15,93,100,2.73
75,Bredasdorp,ZA,2021-07-21 12:53:32,-34.5322,20.0403,49.32,87,100,11.5
76,Guerrero Negro,MX,2021-07-21 12:53:58,27.9769,-114.0611,68.38,90,100,12.71
77,Coffeyville,US,2021-07-21 12:53:59,37.0373,-95.6164,70.09,85,75,3.44
78,Puerto Baquerizo Moreno,EC,2021-07-21 12:53:59,-0.9,-89.6,71.96,89,100,14.54
79,Mataura,NZ,2021-07-21 12:53:59,-46.1927,168.8643,43.48,96,100,0.78
80,Qaanaaq,GL,2021-07-21 12:54:00,77.484,-69.3632,36.45,99,100,12.26
81,Victoria,HK,2021-07-21 12:53:06,22.2855,114.1577,84.33,87,100,10.0
82,Goderich,CA,2021-07-21 12:50:09,43.7501,-81.7165,66.9,82,0,4.61
83,Camacha,PT,2021-07-21 12:54:01,33.0833,-16.3333,74.16,60,20,12.66
84,Sistranda,NO,2021-07-21 12:54:01,63.7256,8.834,57.16,72,8,19.26
85,Jalu,LY,2021-07-21 12:54:01,29.0331,21.5482,97.92,25,0,11.41
86,Ribeira Grande,PT,2021-07-21 12:54:02,38.5167,-28.7,73.8,60,40,13.8
87,Chuy,UY,2021-07-21 12:54:02,-33.6971,-53.4616,47.91,67,4,7.85
88,Lucapa,AO,2021-07-21 12:54:02,-8.4192,20.7447,90.88,14,5,5.21
89,Kodiak,US,2021-07-21 12:49:23,57.79,-152.4072,52.3,98,100,4.63
90,Miri,MY,2021-07-21 12:54:03,4.4148,114.0089,84.34,89,20,4.61
91,Atuona,PF,2021-07-21 12:54:03,-9.8,-139.0333,77.43,69,100,20.83
92,Fernie,CA,2021-07-21 12:54:04,49.5,-115.0687,58.17,65,0,2.33
93,Nouadhibou,MR,2021-07-21 12:54:04,20.931,-17.0347,76.98,69,0,12.66
94,Hualmay,PE,2021-07-21 12:54:04,-11.0964,-77.6139,63.7,80,26,7.92
95,Pochutla,MX,2021-07-21 12:54:05,15.7432,-96.4661,76.82,85,54,4.07
96,New Norfolk,AU,2021-07-21 12:54:05,-42.7826,147.0587,49.57,72,91,3.0
97,Lindas,NO,2021-07-21 12:54:05,60.7381,5.16,69.71,62,22,10.02
98,Upington,ZA,2021-07-21 12:54:06,-28.4478,21.2561,50.38,40,0,5.75
99,Maniitsoq,GL,2021-07-21 12:54:06,65.4167,-52.9,44.29,79,25,4.63
100,Moose Factory,CA,2021-07-21 12:54:06,51.2585,-80.6094,55.4,82,1,0.0
101,Zambezi,ZM,2021-07-21 12:54:07,-13.5432,23.1047,84.58,14,0,6.46
102,Upernavik,GL,2021-07-21 12:54:08,72.7868,-56.1549,43.52,71,100,4.16
103,Bambous Virieux,MU,2021-07-21 12:54:08,-20.3428,57.7575,68.25,94,75,16.11
104,Saint Simons,US,2021-07-21 12:52:04,31.1352,-81.3901,77.27,94,1,4.61
105,Lebu,CL,2021-07-21 12:54:08,-37.6167,-73.65,51.44,93,100,4.52
106,Port Elizabeth,ZA,2021-07-21 12:54:09,-33.918,25.5701,64.09,29,0,19.57
107,Lillooet,CA,2021-07-21 12:54:09,50.6856,-121.942,61.56,84,0,4.36
108,Souillac,MU,2021-07-21 12:49:22,-20.5167,57.5167,68.38,94,75,16.11
109,Watsa,CD,2021-07-21 12:54:10,3.0372,29.5355,84.4,42,100,3.69
110,Puerto Ayora,EC,2021-07-21 12:54:10,-0.7393,-90.3518,71.55,94,100,4.0
111,Evansville,US,2021-07-21 12:53:21,37.9748,-87.5558,72.21,90,1,5.08
112,Pundaguitan,PH,2021-07-21 12:54:10,6.3711,126.1689,85.37,75,88,14.32
113,Kamenka,RU,2021-07-21 12:54:11,51.3223,42.7678,90.14,37,95,5.61
114,Nikolskoye,RU,2021-07-21 12:54:11,59.7035,30.7861,67.89,41,89,5.88
115,Hermanus,ZA,2021-07-21 12:54:11,-34.4187,19.2345,51.91,68,100,29.01
116,San Patricio,US,2021-07-21 12:54:12,28.017,-97.5169,82.26,82,95,5.5
117,Ust-Nera,RU,2021-07-21 12:54:12,64.5667,143.2,62.56,92,100,5.61
118,North Bend,US,2021-07-21 12:54:12,43.4065,-124.2243,53.85,95,75,0.0
119,Marzuq,YE,2021-07-21 12:54:13,14.4,46.4667,80.91,58,65,15.57
120,Kalayaan,PH,2021-07-21 12:54:13,14.35,121.5667,76.62,92,100,10.85
121,Nome,US,2021-07-21 12:49:45,64.5011,-165.4064,46.47,93,90,17.27
122,Kikwit,CD,2021-07-21 12:54:14,-5.041,18.8162,102.61,12,1,0.89
123,Killybegs,IE,2021-07-21 12:51:51,54.6333,-8.45,83.44,67,98,3.04
124,Bengkulu,ID,2021-07-21 12:54:14,-3.8004,102.2655,79.12,83,100,1.05
125,Puerto Leguizamo,CO,2021-07-21 12:54:15,-0.1934,-74.7819,69.42,98,99,2.33
126,Shimoda,JP,2021-07-21 12:54:15,34.6667,138.95,75.11,85,11,1.81
127,East London,ZA,2021-07-21 12:54:15,-33.0153,27.9116,65.34,19,0,16.11
128,Katsuura,JP,2021-07-21 12:54:16,35.1333,140.3,82.11,88,9,5.91
129,Ponta Do Sol,PT,2021-07-21 12:54:16,32.6667,-17.1,79.72,66,0,1.1
130,Hithadhoo,MV,2021-07-21 12:54:16,-0.6,73.0833,82.42,75,100,15.39
131,Avera,US,2021-07-21 12:54:17,33.194,-82.5271,74.86,90,100,6.82
132,Saint-Philippe,RE,2021-07-21 12:54:17,-21.3585,55.7679,76.55,83,12,14.7
133,Beyneu,KZ,2021-07-21 12:54:17,45.3167,55.2,104.32,14,7,6.71
134,Churapcha,RU,2021-07-21 12:54:18,62.0025,132.4325,65.64,82,100,9.13
135,Plouzane,FR,2021-07-21 12:54:18,48.3833,-4.6167,86.32,48,0,8.05
136,San Lorenzo,PY,2021-07-21 12:54:18,-25.3333,-57.5333,56.59,76,40,5.01
137,Norman Wells,CA,2021-07-21 12:54:19,65.282,-126.8329,60.84,72,40,4.61
138,Broome,US,2021-07-21 12:54:19,42.2506,-75.833,66.38,90,90,1.01
139,Chapais,CA,2021-07-21 12:50:36,49.7834,-74.8492,56.98,49,27,5.37
140,Srandakan,ID,2021-07-21 12:54:20,-7.9386,110.2506,77.04,86,6,8.57
141,Padang,ID,2021-07-21 12:54:20,-0.9492,100.3543,78.85,84,100,1.68
142,Amapa,BR,2021-07-21 12:54:20,1.0,-52.0,81.09,74,15,3.96
143,Tiksi,RU,2021-07-21 12:54:21,71.6872,128.8694,38.37,94,76,3.62
144,Kapit,MY,2021-07-21 12:54:21,2.0167,112.9333,77.29,90,100,3.91
145,Lorengau,PG,2021-07-21 12:54:21,-2.0226,147.2712,81.88,72,100,3.0
146,Zhashkiv,UA,2021-07-21 12:54:22,49.2454,30.1102,62.08,96,100,19.33
147,Hilden,DE,2021-07-21 12:54:22,51.1667,6.9333,81.07,46,0,4.61
148,Caravelas,BR,2021-07-21 12:54:23,-17.7125,-39.2481,74.66,60,100,8.79
149,Perth,AU,2021-07-21 12:54:23,-31.9333,115.8333,57.09,93,0,0.0
150,Hasaki,JP,2021-07-21 12:54:24,35.7333,140.8333,77.29,83,7,6.98
151,Aljezur,PT,2021-07-21 12:54:24,37.3191,-8.8033,78.93,50,4,12.91
152,Balfour,ZA,2021-07-21 12:54:24,-26.6633,28.5902,65.8,23,6,12.66
153,Shuangcheng,CN,2021-07-21 12:54:25,45.35,126.2833,82.08,78,51,5.32
154,Rupert,US,2021-07-21 12:54:25,42.6191,-113.6772,67.41,53,0,3.29
155,Riyadh,SA,2021-07-21 12:49:25,24.6877,46.7219,111.34,16,73,7.54
156,Kruisfontein,ZA,2021-07-21 12:54:25,-34.0033,24.7314,61.88,28,82,20.27
157,Port Alfred,ZA,2021-07-21 12:54:12,-33.5906,26.891,63.95,27,0,27.49
158,Winsum,NL,2021-07-21 12:54:26,53.33,6.5208,74.97,88,35,9.28
159,Iqaluit,CA,2021-07-21 12:51:55,63.7506,-68.5145,44.33,81,75,2.3
160,Pevek,RU,2021-07-21 12:54:26,69.7008,170.3133,39.88,64,10,3.2
161,Vanimo,PG,2021-07-21 12:54:27,-2.6741,141.3028,78.46,87,44,2.82
162,La Asuncion,VE,2021-07-21 12:54:27,11.0333,-63.8628,80.92,76,81,16.75
163,Den Helder,NL,2021-07-21 12:54:27,52.9599,4.7593,76.98,69,75,8.05
164,Tinskoy,RU,2021-07-21 12:54:28,56.1525,96.9161,63.25,92,100,1.68
165,Akranes,IS,2021-07-21 12:54:28,64.3218,-22.0749,58.8,84,16,9.26
166,Saint-Pierre-Des-Corps,FR,2021-07-21 12:54:28,47.3833,0.7333,85.42,44,0,10.36
167,Shingu,JP,2021-07-21 12:54:29,33.7333,135.9833,74.03,90,10,5.3
168,Kurumkan,RU,2021-07-21 12:54:29,54.3,110.3,65.75,76,100,3.58
169,Isiro,CD,2021-07-21 12:54:29,2.7739,27.616,82.13,56,100,1.68
170,Yantal,RU,2021-07-21 12:54:30,56.8471,105.2542,69.51,57,44,2.68
171,Masasi,TZ,2021-07-21 12:54:30,-10.7167,38.8,79.36,52,100,3.89
172,San Alberto,CO,2021-07-21 12:54:30,7.7611,-73.3922,82.74,62,18,3.51
173,Igrim,RU,2021-07-21 12:54:31,63.1906,64.4162,60.67,97,100,6.22
174,Portland,US,2021-07-21 12:53:28,45.5234,-122.6762,56.21,86,0,1.5
175,Nanortalik,GL,2021-07-21 12:54:31,60.1432,-45.2371,46.42,96,100,12.12
176,Belyy Yar,RU,2021-07-21 12:54:32,53.6039,91.3903,71.49,68,0,6.71
177,Pangkalanbuun,ID,2021-07-21 12:54:32,-2.6833,111.6167,76.46,89,100,3.04
178,Riverton,US,2021-07-21 12:54:32,40.5219,-111.9391,76.3,59,40,1.01
179,Jamestown,US,2021-07-21 12:54:33,42.097,-79.2353,67.32,92,90,3.0
180,Tazovskiy,RU,2021-07-21 12:54:33,67.4667,78.7,66.65,62,100,15.03
181,Bowen,AU,2021-07-21 12:54:34,-20.0167,148.2333,52.02,57,8,5.75
182,Oktyabrskoye,RU,2021-07-21 12:54:34,43.0645,44.7417,96.94,26,40,11.18
183,Kayerkan,RU,2021-07-21 12:54:34,69.3497,87.7602,61.41,47,0,1.45
184,Opuwo,NA,2021-07-21 12:54:35,-18.0607,13.84,81.27,12,0,9.71
185,San Lazaro,BZ,2021-07-21 12:54:35,18.0387,-88.6622,83.66,92,13,4.97
186,San Cristobal,VE,2021-07-21 12:54:36,7.7669,-72.225,75.38,84,69,6.29
187,Collie,AU,2021-07-21 12:54:36,-33.3667,116.15,48.97,97,88,4.14
188,Whitehorse,CA,2021-07-21 12:54:36,60.7161,-135.0538,54.37,71,20,10.0
189,Coquimbo,CL,2021-07-21 12:53:44,-29.9533,-71.3436,46.13,93,90,3.44
190,Santo Antonio Do Leverger,BR,2021-07-21 12:53:11,-15.8656,-56.0767,64.78,13,0,3.62
191,Takhatpur,IN,2021-07-21 12:54:37,22.15,81.8667,85.33,68,100,8.34
192,Severo-Kurilsk,RU,2021-07-21 12:54:37,50.6789,156.125,51.55,93,30,5.03
193,Vila Velha,BR,2021-07-21 12:53:17,-20.3297,-40.2925,71.55,64,0,3.44
194,Price,US,2021-07-21 12:54:38,39.5994,-110.8107,65.41,55,100,3.18
195,Barrow,US,2021-07-21 12:54:38,71.2906,-156.7887,33.39,97,100,14.54
196,Praya,CV,2021-07-21 12:50:05,14.9215,-23.5087,79.81,76,98,7.43
197,Crossville,US,2021-07-21 12:54:14,35.949,-85.0269,67.89,98,40,0.0
198,Port Blair,IN,2021-07-21 12:54:39,11.6667,92.75,82.11,83,100,23.04
199,Geraldton,AU,2021-07-21 12:54:39,-28.7667,114.6,64.13,82,40,8.05
200,Ahtopol,BG,2021-07-21 12:54:39,42.1,27.95,90.07,55,25,9.1
201,Sao Jose Da Coroa Grande,BR,2021-07-21 12:54:40,-8.8978,-35.1478,76.95,82,78,13.47
202,Leningradskiy,RU,2021-07-21 12:54:40,69.3833,178.4167,35.35,83,100,2.48
203,Cidreira,BR,2021-07-21 12:54:41,-30.1811,-50.2056,54.48,57,0,9.53
204,Tiznit,MA,2021-07-21 12:54:41,29.5833,-9.5,100.06,16,0,9.42
205,Barcelos,PT,2021-07-21 12:54:03,41.5388,-8.6151,74.84,53,8,8.7
206,Rodniki,RU,2021-07-21 12:54:43,57.1051,41.7305,74.53,38,100,9.46
207,Haines Junction,CA,2021-07-21 12:54:43,60.7522,-137.5108,44.55,81,88,1.14
208,Sao Filipe,CV,2021-07-21 12:54:43,14.8961,-24.4956,77.14,81,13,4.65
209,Qadirpur Ran,PK,2021-07-21 12:54:44,30.2924,71.6712,93.09,41,72,6.11
210,Mnogovershinnyy,RU,2021-07-21 12:54:44,53.9353,139.9242,68.13,91,100,5.88
211,Dabola,GN,2021-07-21 12:54:44,10.75,-11.1167,81.23,70,100,3.04
212,Xuddur,SO,2021-07-21 12:54:45,4.1213,43.8894,85.42,40,88,25.55
213,Cherskiy,RU,2021-07-21 12:54:45,68.75,161.3,50.14,60,100,6.64
214,Russell,US,2021-07-21 12:54:45,32.3502,-85.1999,76.71,88,75,0.0
215,Northam,GB,2021-07-21 12:54:47,51.0333,-4.2167,86.61,65,4,4.52
216,Lavrentiya,RU,2021-07-21 12:54:47,65.5833,-171.0,41.07,90,100,5.21
217,Kununurra,AU,2021-07-21 12:54:47,-15.7667,128.7333,64.38,59,5,1.14
218,Dikson,RU,2021-07-21 12:54:48,73.5069,80.5464,52.83,56,8,16.44
219,Bowmore,US,2021-07-21 12:54:48,34.9421,-79.3031,78.19,89,75,1.01
220,Constitucion,CL,2021-07-21 12:54:48,-35.3333,-72.4167,54.52,77,100,2.86
221,Ipinda,TZ,2021-07-21 12:54:49,-9.4833,33.9,79.93,47,3,5.35
222,Manbij,SY,2021-07-21 12:54:49,36.5281,37.9549,101.17,22,0,22.66
223,Salina Cruz,MX,2021-07-21 12:54:50,16.1667,-95.2,78.71,76,18,10.8
224,Muros,ES,2021-07-21 12:54:50,42.7762,-9.0603,73.99,77,63,12.77
225,Cururupu,BR,2021-07-21 12:54:50,-1.8283,-44.8683,84.2,67,74,7.74
226,Thompson,CA,2021-07-21 12:50:49,55.7435,-97.8558,57.36,88,75,0.0
227,Camopi,GF,2021-07-21 12:54:51,3.1655,-52.3158,82.87,69,25,4.29
228,Yar-Sale,RU,2021-07-21 12:54:51,66.8333,70.8333,60.35,79,100,6.96
229,Broken Hill,AU,2021-07-21 12:54:51,-31.95,141.4333,40.71,75,100,8.05
230,Ajaccio,FR,2021-07-21 12:54:52,42.0,8.9167,89.76,61,0,12.66
231,Carnarvon,AU,2021-07-21 12:54:52,-24.8667,113.6333,66.27,67,7,9.22
232,Kalengwa,ZM,2021-07-21 12:54:53,-13.4659,25.0027,83.79,16,0,3.89
233,Airai,TL,2021-07-21 12:54:53,-8.9266,125.4092,57.67,78,6,2.26
234,Uvat,RU,2021-07-21 12:54:53,59.1433,68.8953,80.08,49,98,11.7
235,Kirkenaer,NO,2021-07-21 12:54:53,60.4564,12.0582,71.46,33,12,5.12
236,Salalah,OM,2021-07-21 12:54:54,17.0151,54.0924,79.77,86,78,13.35
237,Coahuayana,MX,2021-07-21 12:52:15,18.7333,-103.6833,75.09,85,99,4.83
238,Henties Bay,NA,2021-07-21 12:54:54,-22.116,14.2845,57.85,70,1,13.38
239,Coria,ES,2021-07-21 12:54:55,39.9879,-6.5377,93.45,14,0,8.05
240,Vygonichi,RU,2021-07-21 12:54:55,53.0985,34.0673,69.91,73,0,4.47
241,Cheremukhovo,RU,2021-07-21 12:54:55,60.3484,59.9851,72.59,46,99,8.01
242,Sao Miguel Do Tapuio,BR,2021-07-21 12:54:56,-5.5036,-41.3233,88.29,34,5,11.59
243,Manjacaze,MZ,2021-07-21 12:54:56,-24.7117,33.8828,83.84,14,0,12.75
244,Tapejara,BR,2021-07-21 12:54:56,-28.0681,-52.0139,49.24,64,68,2.66
245,Yicheng,CN,2021-07-21 12:54:57,31.3705,119.8703,80.38,75,0,14.74
246,Ketchikan,US,2021-07-21 12:54:57,55.3422,-131.6461,55.87,94,90,0.0
247,Gazanjyk,TM,2021-07-21 12:54:57,39.2446,55.5154,107.01,9,0,8.66
248,At-Bashi,KG,2021-07-21 12:54:58,41.1702,75.8106,60.37,61,100,7.29
249,Kristiansund,NO,2021-07-21 12:54:58,63.1115,7.732,62.65,67,20,8.05
250,Honiara,SB,2021-07-21 12:51:18,-9.4333,159.95,77.0,89,30,5.91
251,Kavakli,TR,2021-07-21 12:54:58,41.0926,28.3317,85.42,49,0,12.28
252,Terekli-Mekteb,RU,2021-07-21 12:54:59,44.1671,45.8698,107.17,11,1,19.35
253,Itarema,BR,2021-07-21 12:54:59,-2.9248,-39.9167,85.48,51,0,16.15
254,Half Moon Bay,US,2021-07-21 12:54:59,37.4636,-122.4286,58.91,86,1,0.0
255,Lixourion,GR,2021-07-21 12:55:00,38.2019,20.4314,82.09,68,0,12.03
256,Emerald,AU,2021-07-21 12:55:00,-23.5333,148.1667,53.74,35,0,11.5
257,Tessalit,ML,2021-07-21 12:55:00,20.1986,1.0114,102.69,24,82,24.81
258,Saskylakh,RU,2021-07-21 12:55:01,71.9167,114.0833,61.0,57,100,17.98
259,Mount Isa,AU,2021-07-21 12:55:04,-20.7333,139.5,60.57,36,100,8.05
260,Ukiah,US,2021-07-21 12:55:05,39.1502,-123.2078,60.44,74,1,0.0
261,Ahipara,NZ,2021-07-21 12:55:05,-35.1667,173.1667,56.05,93,100,5.64
262,Canberra,AU,2021-07-21 12:51:56,-35.2835,149.1281,35.74,90,0,5.75
263,Conde,BR,2021-07-21 12:55:06,-7.2597,-34.9075,74.66,94,75,9.22
264,Natal,BR,2021-07-21 12:55:06,-5.795,-35.2094,80.82,69,75,13.8
265,Sao Geraldo Do Araguaia,BR,2021-07-21 12:55:07,-6.4006,-48.555,87.22,45,80,4.16
266,Miranda,CO,2021-07-21 12:55:07,3.2499,-76.2281,64.53,67,21,1.59
267,Hazorasp,UZ,2021-07-21 12:55:07,41.3194,61.0742,98.44,12,0,18.21
268,Roebourne,AU,2021-07-21 12:51:02,-20.7833,117.1333,75.81,69,9,12.26
269,Sola,VU,2021-07-21 12:55:08,-13.8833,167.55,75.87,94,75,0.0
270,Rozsypne,UA,2021-07-21 12:55:08,48.1497,38.5762,92.03,35,48,12.39
271,Elizabeth City,US,2021-07-21 12:55:08,36.2946,-76.2511,80.02,91,100,1.99
272,Altay,CN,2021-07-21 12:55:09,47.8667,88.1167,84.06,24,49,7.18
273,Kasongo-Lunda,CD,2021-07-21 12:55:09,-6.4667,16.8167,98.42,12,3,3.85
274,Namatanai,PG,2021-07-21 12:55:10,-3.6667,152.4333,78.76,86,100,5.17
275,Noyabrsk,RU,2021-07-21 12:55:10,63.1994,75.4507,74.8,49,100,14.9
276,Kushima,JP,2021-07-21 12:55:10,31.4583,131.2333,80.64,92,100,12.24
277,Tamasane,BW,2021-07-21 12:55:11,-22.4184,27.4013,76.33,15,0,7.11
278,Saint-Louis,SN,2021-07-21 12:55:11,16.3333,-15.0,85.64,31,54,15.59
279,Coihaique,CL,2021-07-21 12:55:11,-45.5752,-72.0662,40.95,93,75,3.44
280,Kalemie,CD,2021-07-21 12:55:12,-5.9475,29.1947,80.62,41,0,7.38
281,Sao Pedro,BR,2021-07-21 12:55:12,-22.5486,-47.9139,63.16,32,100,4.92
282,Yumen,CN,2021-07-21 12:55:12,40.2833,97.2,83.08,32,100,12.03
283,Tairua,NZ,2021-07-21 12:55:13,-37.0167,175.85,54.09,94,100,13.53
284,Gordeyevka,RU,2021-07-21 12:55:13,52.9569,31.9703,75.81,42,33,12.37
285,Cayenne,GF,2021-07-21 12:55:13,4.9333,-52.3333,88.09,74,75,1.99
286,Sheridan,US,2021-07-21 12:55:14,44.8333,-106.9173,69.94,67,1,1.72
287,Longyearbyen,SJ,2021-07-21 12:55:14,78.2186,15.6401,44.44,65,75,16.11
288,Brasilia De Minas,BR,2021-07-21 12:55:14,-16.2064,-44.4333,75.61,46,0,11.48
289,Lasa,IT,2021-07-21 12:55:15,46.6166,10.7002,86.02,31,1,0.78
290,Hofn,IS,2021-07-21 12:55:15,64.2539,-15.2082,60.82,72,0,13.8
291,Tarko-Sale,RU,2021-07-21 12:55:15,64.9225,77.785,77.43,52,100,12.77
292,Sitio Novo Do Tocantins,BR,2021-07-21 12:55:16,-5.5183,-47.4611,82.33,74,75,9.22
293,Bathsheba,BB,2021-07-21 12:55:16,13.2167,-59.5167,84.81,70,20,19.57
294,Sao Sebastiao,BR,2021-07-21 12:55:16,-23.76,-45.4097,65.66,54,100,2.19
295,Golden,US,2021-07-21 12:53:44,39.7555,-105.2211,75.76,56,1,0.0
296,Kirakira,SB,2021-07-21 12:55:17,-10.4544,161.9205,77.95,87,77,7.02
297,San Felipe,VE,2021-07-21 12:55:17,10.3399,-68.7425,77.95,79,9,2.15
298,Saint-Andre-Les-Vergers,FR,2021-07-21 12:55:18,48.2853,4.0521,80.64,36,0,5.75
299,Harrisburg,US,2021-07-21 12:51:32,40.2737,-76.8844,77.65,85,20,5.75
300,Shugurovo,RU,2021-07-21 12:55:18,54.5083,52.1326,82.31,34,5,11.54
301,Kalabo,ZM,2021-07-21 12:55:19,-14.97,22.6814,82.74,14,0,8.25
302,General Pico,AR,2021-07-21 12:55:19,-35.6566,-63.7568,49.41,53,86,5.75
303,Puerto Escondido,MX,2021-07-21 12:55:19,15.85,-97.0667,79.63,75,91,4.18
304,Tari,NG,2021-07-21 12:55:20,12.4086,4.4914,94.82,39,36,10.31
305,Hambantota,LK,2021-07-21 12:55:20,6.1241,81.1185,88.14,62,20,13.8
306,Wagar,SD,2021-07-21 12:55:21,16.1525,36.2032,85.86,54,99,18.81
307,Brae,GB,2021-07-21 12:55:21,60.3964,-1.353,53.51,75,88,9.15
308,Kaeo,NZ,2021-07-21 12:55:21,-35.1,173.7833,57.33,97,100,7.74
309,Abnub,EG,2021-07-21 12:55:22,27.2696,31.1511,107.82,11,8,13.33
310,Bodden Town,KY,2021-07-21 12:55:22,19.2833,-81.25,84.99,78,20,5.99
311,Ngunguru,NZ,2021-07-21 12:55:23,-35.6167,174.5,57.16,93,100,13.6
312,Kaitangata,NZ,2021-07-21 12:55:23,-46.2817,169.8464,48.92,84,100,2.89
313,Phillipsburg,US,2021-07-21 12:55:23,40.6937,-75.1902,77.34,80,9,1.01
314,Aksay,RU,2021-07-21 12:55:24,47.26,39.87,100.27,25,73,13.0
315,Nizhniy Kuranakh,RU,2021-07-21 12:55:24,58.8353,125.4869,59.79,94,100,4.41
316,Naryan-Mar,RU,2021-07-21 12:55:24,67.6713,53.087,58.84,76,100,9.51
317,Saldanha,ZA,2021-07-21 12:55:25,-33.0117,17.9442,55.45,71,78,25.39
318,Merrill,US,2021-07-21 12:55:25,45.1805,-89.6835,57.96,90,1,3.44
319,Vestmannaeyjar,IS,2021-07-21 12:55:25,63.4427,-20.2734,54.59,94,90,13.8
320,Lincoln,US,2021-07-21 12:54:12,40.8,-96.667,71.13,86,100,1.01
321,Quarteira,PT,2021-07-21 12:55:26,37.0695,-8.1006,76.77,61,0,9.22
322,Cabo San Lucas,MX,2021-07-21 12:50:29,22.8909,-109.9124,83.8,69,92,8.5
323,Tura,IN,2021-07-21 12:55:26,25.5198,90.2201,79.14,91,100,1.79
324,Vao,NC,2021-07-21 12:55:27,-22.6667,167.4833,68.92,74,100,13.51
325,Tiszakecske,HU,2021-07-21 12:55:27,46.9326,20.1035,83.1,37,100,9.64
326,Ahvaz,IR,2021-07-21 12:55:27,31.3203,48.6693,114.75,30,0,9.22
327,Beringovskiy,RU,2021-07-21 12:55:28,63.05,179.3167,48.22,79,100,7.52
328,Clyde River,CA,2021-07-21 12:55:28,70.4692,-68.5914,39.43,87,90,12.66
329,Fairfield,US,2021-07-21 12:53:09,41.2668,-73.3162,76.89,80,6,1.01
330,Eydhafushi,MV,2021-07-21 12:55:29,5.1033,73.0708,83.5,73,100,15.86
331,Ancud,CL,2021-07-21 12:55:29,-41.8697,-73.8203,49.53,95,100,6.76
332,Ponta Delgada,PT,2021-07-21 12:55:29,37.7333,-25.6667,72.32,73,20,16.11
333,Fortuna,US,2021-07-21 12:55:30,40.5982,-124.1573,55.92,73,90,3.0
334,Aurora,US,2021-07-21 12:51:40,39.7294,-104.8319,76.78,59,40,4.0
335,North College Hill,US,2021-07-21 12:55:30,39.2184,-84.5508,71.38,89,75,3.0
336,Lahat,ID,2021-07-21 12:55:31,-3.8,103.5333,75.36,90,78,2.77
337,Murud,IN,2021-07-21 12:55:31,18.3258,72.965,79.14,86,100,18.7
338,Valparaiso,CL,2021-07-21 12:51:11,-33.0393,-71.6273,52.48,90,90,3.44
339,Solnechnyy,RU,2021-07-21 12:55:32,50.7214,136.6319,74.7,82,100,4.68
340,Port Lincoln,AU,2021-07-21 12:55:32,-34.7333,135.8667,52.23,59,100,19.8
341,Shorkot,PK,2021-07-21 12:55:32,31.9099,70.8774,97.16,40,89,1.57
342,Sitka,US,2021-07-21 12:55:33,57.0531,-135.33,55.29,88,90,0.0
343,Derzhavinsk,KZ,2021-07-21 12:55:33,51.1,66.3167,83.97,30,3,2.71
344,Luan,CH,2021-07-21 12:55:33,46.3592,6.9759,78.91,66,99,8.99
345,Sao Raimundo Nonato,BR,2021-07-21 12:55:34,-9.0153,-42.6994,83.62,44,18,14.0
346,Klaksvik,FO,2021-07-21 12:55:34,62.2266,-6.589,52.72,87,12,6.38
347,Bandarbeyla,SO,2021-07-21 12:55:34,9.4942,50.8122,87.73,49,98,27.22
348,Kavaratti,IN,2021-07-21 12:55:35,10.5669,72.642,82.27,80,100,20.02
349,Ormara,PK,2021-07-21 12:55:35,25.2088,64.6357,84.0,87,61,20.0
350,Lagoa,PT,2021-07-21 12:55:35,39.05,-27.9833,67.48,76,84,14.94
351,Lander,US,2021-07-21 12:55:36,42.833,-108.7307,72.19,52,0,3.47
352,Kavieng,PG,2021-07-21 12:55:36,-2.5744,150.7967,82.02,79,94,9.73
353,Hutchinson,US,2021-07-21 12:51:17,38.0608,-97.9298,66.18,88,1,0.0
354,Covilha,PT,2021-07-21 12:55:36,40.286,-7.504,91.8,18,10,7.29
355,Agirish,RU,2021-07-21 12:55:37,61.9247,63.0231,63.43,88,100,8.95
356,Chimbarongo,CL,2021-07-21 12:54:18,-34.7,-71.05,45.72,61,100,2.06
357,Toccoa,US,2021-07-21 12:55:37,34.5773,-83.3324,73.72,91,100,2.44
358,Krasnovka,RU,2021-07-21 12:55:38,48.8177,40.0923,97.68,27,18,9.57
359,Palana,RU,2021-07-21 12:55:38,59.1167,159.9667,50.5,79,100,23.58
360,Farafangana,MG,2021-07-21 12:55:38,-22.8167,47.8333,73.15,69,12,11.07
361,Labuan,MY,2021-07-21 12:55:39,5.2767,115.2417,84.36,83,20,0.0
362,Romitan,UZ,2021-07-21 12:55:39,39.9343,64.3814,100.35,16,20,18.41
363,Chokurdakh,RU,2021-07-21 12:55:39,70.6333,147.9167,44.78,78,42,6.69
364,Kuching,MY,2021-07-21 12:51:28,1.55,110.3333,75.42,88,40,3.44
365,Maltahohe,NA,2021-07-21 12:55:40,-24.8333,16.9833,57.09,28,0,5.64
366,Meulaboh,ID,2021-07-21 12:55:40,4.1363,96.1285,78.71,84,100,3.8
367,Mahendragarh,IN,2021-07-21 12:55:41,28.2833,76.15,91.45,59,99,3.2
368,Laguna,US,2021-07-21 12:51:48,38.421,-121.4238,69.01,72,1,1.99
369,Hamburg,DE,2021-07-21 12:55:41,53.55,10.0,72.28,74,40,11.5
370,Kudahuvadhoo,MV,2021-07-21 12:55:41,2.6708,72.8944,82.98,74,100,13.09
371,Ayorou,NE,2021-07-21 12:55:42,14.7308,0.9174,82.92,55,100,9.06
372,San Roque,ES,2021-07-21 12:55:42,36.2107,-5.3842,76.01,78,0,9.22
373,Taoudenni,ML,2021-07-21 12:55:43,22.6783,-3.9836,118.67,5,73,12.3
374,Port Hardy,CA,2021-07-21 12:55:43,50.6996,-127.4199,51.98,93,75,2.3
375,Zaraza,VE,2021-07-21 12:55:43,9.3503,-65.3245,81.07,67,90,6.6
376,Komsomolskiy,UZ,2021-07-21 12:55:44,40.4272,71.7189,90.32,29,7,6.91
377,Rongcheng,CN,2021-07-21 12:55:44,30.634,117.8517,77.61,73,12,6.11
378,Palmer,US,2021-07-21 12:55:45,42.1584,-72.3287,73.02,77,90,0.0
379,Pontianak,ID,2021-07-21 12:55:45,-0.0333,109.3333,82.38,89,75,3.44
380,Mar Del Plata,AR,2021-07-21 12:55:47,-38.0023,-57.5575,55.09,65,0,1.99
381,Alpena,US,2021-07-21 12:55:47,45.0617,-83.4327,67.1,63,0,8.7
382,Chardara,KZ,2021-07-21 12:55:47,41.2547,67.9692,94.8,21,0,15.17
383,Sandwick,GB,2021-07-21 12:55:48,60.0,-1.25,53.42,87,75,8.05
384,Chernyshevskiy,RU,2021-07-21 12:51:50,63.0128,112.4714,60.48,90,26,2.37
385,Los Llanos De Aridane,ES,2021-07-21 12:55:48,28.6585,-17.9182,73.15,78,20,14.97
386,High Level,CA,2021-07-21 12:55:49,58.5169,-117.136,50.11,100,75,2.3
387,Kidal,ML,2021-07-21 12:55:49,18.4411,1.4078,94.5,32,100,20.98
388,Fairbanks,US,2021-07-21 12:52:38,64.8378,-147.7164,62.6,75,90,0.0
389,Hamilton,US,2021-07-21 12:54:04,39.1834,-84.5333,72.09,90,74,1.01
390,Sur,OM,2021-07-21 12:55:50,22.5667,59.5289,99.43,46,31,6.78
391,Mana,GF,2021-07-21 12:55:50,5.6592,-53.7767,82.76,74,9,6.91
392,Narsaq,GL,2021-07-21 12:55:50,60.9167,-46.05,46.49,99,100,2.17
393,Matagami,CA,2021-07-21 12:55:51,49.7502,-77.6328,51.91,76,1,6.91
394,Dutlwe,BW,2021-07-21 12:55:51,-23.9833,23.9,64.49,27,5,14.34
395,Corn Island,NI,2021-07-21 12:55:51,12.1694,-83.0418,81.64,82,98,24.38
396,Zhigansk,RU,2021-07-21 12:55:52,66.7697,123.3711,60.13,57,5,8.95
397,Nemuro,JP,2021-07-21 12:55:52,43.3236,145.575,59.43,96,100,3.36
398,Hobyo,SO,2021-07-21 12:55:53,5.3505,48.5268,81.52,70,48,31.74
399,Rundu,NA,2021-07-21 12:55:53,-17.9333,19.7667,81.28,12,0,4.63
400,Samarai,PG,2021-07-21 12:55:53,-10.6167,150.6667,78.44,81,77,12.41
401,Ramgarh,IN,2021-07-21 12:55:54,23.6333,85.5167,80.65,81,98,1.77
402,Bilibino,RU,2021-07-21 12:55:54,68.0546,166.4372,50.02,72,52,4.56
403,Abu Kamal,SY,2021-07-21 12:55:54,34.4506,40.9171,107.17,12,0,16.46
404,Srednekolymsk,RU,2021-07-21 12:55:55,67.45,153.6833,54.28,83,8,4.12
405,Saint-Augustin,CA,2021-07-21 12:55:55,51.226,-58.6502,62.62,61,99,8.59
406,Deyang,CN,2021-07-21 12:55:55,31.1302,104.382,76.28,88,11,3.6
407,San Lawrenz,MT,2021-07-21 12:55:56,36.0553,14.204,85.41,73,0,4.83
408,Seymchan,RU,2021-07-21 12:55:56,62.8833,152.4333,67.1,58,100,4.7
409,Deputatskiy,RU,2021-07-21 12:55:57,69.3,139.9,48.61,76,100,3.67
410,Lodwar,KE,2021-07-21 12:55:57,3.1191,35.5973,89.01,36,32,7.11
411,Walcz,PL,2021-07-21 12:55:58,53.2779,16.4712,71.11,52,92,12.17
412,Erenhot,CN,2021-07-21 12:55:58,43.6475,111.9767,89.96,28,21,14.79
413,Wahlern,CH,2021-07-21 12:55:58,46.8281,7.3532,81.97,48,0,4.0
414,Baglung,NP,2021-07-21 12:55:59,28.2719,83.5898,74.55,89,100,1.74
415,Sao Joao Da Barra,BR,2021-07-21 12:55:59,-21.6403,-41.0511,66.29,65,100,2.66
416,Vuktyl,RU,2021-07-21 12:55:59,63.8567,57.3094,72.07,31,64,9.33
417,Kalmunai,LK,2021-07-21 12:56:00,7.4167,81.8167,86.52,58,100,1.74
418,Leh,IN,2021-07-21 12:56:00,34.1667,77.5833,66.0,47,40,9.69
419,Tvoroyri,FO,2021-07-21 12:56:00,61.5556,-6.8111,52.99,92,11,18.66
420,Flinders,AU,2021-07-21 12:56:01,-34.5833,150.8552,49.21,77,1,3.0
421,Menongue,AO,2021-07-21 12:56:01,-14.6585,17.691,83.32,12,0,7.05
422,Pendleton,US,2021-07-21 12:56:01,45.6721,-118.7886,65.53,54,90,6.91
423,San Policarpo,PH,2021-07-21 12:56:02,12.1791,125.5072,82.94,73,100,14.56
424,Banda Aceh,ID,2021-07-21 12:56:02,5.5577,95.3222,81.39,78,100,15.12
425,Paamiut,GL,2021-07-21 12:56:03,61.994,-49.6678,42.15,96,100,6.35
426,Ishinomaki,JP,2021-07-21 12:56:03,38.4167,141.3,77.0,91,55,4.72
427,Cockburn Town,TC,2021-07-21 12:56:03,21.4612,-71.1419,81.57,78,44,19.06
428,Huarmey,PE,2021-07-21 12:56:04,-10.0681,-78.1522,64.69,81,12,5.41
429,Soyo,AO,2021-07-21 12:56:04,-6.1349,12.3689,77.61,65,0,12.5
430,Amazar,RU,2021-07-21 12:56:05,53.858,120.875,67.77,72,100,2.1
431,Nha Trang,VN,2021-07-21 12:51:54,12.25,109.1833,87.8,72,95,5.7
432,Macieira De Cambra,PT,2021-07-21 12:56:05,40.8594,-8.3734,71.19,42,7,8.52
433,Miami Beach,US,2021-07-21 12:52:08,25.7906,-80.1301,85.01,82,75,1.01
434,Yulara,AU,2021-07-21 12:56:06,-25.2406,130.9889,66.04,30,0,6.91
435,Wajir,KE,2021-07-21 12:52:00,1.7471,40.0573,89.56,35,75,10.36
436,Solok,ID,2021-07-21 12:56:06,-0.7918,100.6593,74.35,94,98,3.0
437,Osoyoos,CA,2021-07-21 12:56:06,49.0331,-119.4524,70.21,46,0,10.36
438,Tolaga Bay,NZ,2021-07-21 12:56:07,-38.3667,178.3,55.85,97,100,15.46
439,Tarauaca,BR,2021-07-21 12:56:07,-8.1614,-70.7656,70.52,54,0,3.31
440,Acarau,BR,2021-07-21 12:56:07,-2.8856,-40.12,85.39,53,1,16.08
441,Udachnyy,RU,2021-07-21 12:56:08,66.4167,112.4,61.34,88,100,8.14
442,Alice Springs,AU,2021-07-21 12:56:08,-23.7,133.8833,56.75,44,31,8.05
443,Botlikh,RU,2021-07-21 12:56:09,42.6444,46.2297,76.55,75,87,0.83
444,Vardo,NO,2021-07-21 12:56:09,70.3705,31.1107,50.2,71,75,24.16
445,Mariental,NA,2021-07-21 12:56:09,-24.6333,17.9667,57.88,34,0,3.74
446,Sibolga,ID,2021-07-21 12:56:10,1.7427,98.7792,77.97,87,100,1.5
447,Palanpur,IN,2021-07-21 12:56:10,24.1667,72.4333,87.87,63,100,13.29
448,Qandala,SO,2021-07-21 12:56:10,11.472,49.8728,89.62,55,26,7.83
449,Torit,SS,2021-07-21 12:56:11,4.4133,32.5678,83.48,56,100,1.74
450,Ust-Omchug,RU,2021-07-21 12:56:11,61.15,149.6333,61.52,80,99,5.93
451,Toba,JP,2021-07-21 12:56:12,34.4833,136.85,80.6,83,82,5.19
452,Bereda,ES,2021-07-21 12:51:36,43.2686,-7.5406,63.91,34,0,2.44
453,Petersburg,US,2021-07-21 12:56:12,37.2279,-77.4019,78.33,86,1,4.61
454,Liwale,TZ,2021-07-21 12:56:12,-9.7667,37.9333,82.65,42,90,7.49
455,Alma,CA,2021-07-21 12:56:13,48.5501,-71.6491,69.1,64,22,1.97
456,Bubaque,GW,2021-07-21 12:56:13,11.2833,-15.8333,81.19,80,100,9.1
457,Charters Towers,AU,2021-07-21 12:56:13,-20.1,146.2667,56.66,37,7,9.66
458,Eyemouth,GB,2021-07-21 12:56:14,55.8713,-2.0901,69.84,78,100,7.0
459,Bealanana,MG,2021-07-21 12:56:14,-14.55,48.7333,69.55,50,6,11.23
460,Conceicao Da Barra,BR,2021-07-21 12:56:14,-18.5933,-39.7322,76.75,52,2,7.54
461,Talnakh,RU,2021-07-21 12:56:15,69.4865,88.3972,65.55,41,8,4.05
462,Tuatapere,NZ,2021-07-21 12:56:15,-46.1333,167.6833,43.83,95,100,5.32
463,Jasper,US,2021-07-21 12:56:16,37.2001,-94.3502,72.01,93,0,4.09
464,Toora-Khem,RU,2021-07-21 12:56:16,52.4675,96.11,71.8,51,52,1.32
465,Mayumba,GA,2021-07-21 12:56:16,-3.432,10.6554,76.37,75,85,11.21
466,Maragheh,IR,2021-07-21 12:56:17,37.3917,46.2398,100.67,5,20,9.22
467,Cantapoy,PH,2021-07-21 12:56:17,9.4906,125.4364,83.7,73,100,7.99
468,Ulaangom,MN,2021-07-21 12:56:17,49.9811,92.0667,75.76,34,0,4.79
469,Pinawa,CA,2021-07-21 12:56:18,50.1489,-95.8811,62.44,99,100,7.07
470,Dawlatabad,AF,2021-07-21 12:56:18,36.4141,64.9053,103.19,10,37,11.92
471,Poum,NC,2021-07-21 12:56:18,-20.2333,164.0167,71.17,67,23,10.89
472,Margate,GB,2021-07-21 12:56:19,51.3813,1.3862,84.18,76,4,9.28
473,Taunggyi,MM,2021-07-21 12:56:19,20.7833,97.0333,65.52,95,64,7.0
474,Qui Nhon,VN,2021-07-21 12:56:19,13.7667,109.2333,84.67,68,100,17.56
475,Talcahuano,CL,2021-07-21 12:56:20,-36.7167,-73.1167,46.08,100,90,5.75
476,Surab,PK,2021-07-21 12:56:20,28.4914,66.2585,83.88,14,0,14.92
477,Oytal,KZ,2021-07-21 12:56:20,42.9057,73.2697,75.38,53,95,12.3
478,Laela,TZ,2021-07-21 12:56:21,-8.5667,32.05,80.55,22,0,6.29
479,Japura,ID,2021-07-21 12:56:21,-0.3167,102.35,79.02,77,82,3.67
480,Gizo,SB,2021-07-21 12:56:21,-8.103,156.8419,80.96,79,19,9.28
481,Abbeville,FR,2021-07-21 12:56:22,50.1,1.8333,83.68,62,21,2.66
482,Karratha,AU,2021-07-21 12:56:22,-20.7377,116.8463,74.48,76,11,13.6
483,Xinpu,CN,2021-07-21 12:56:23,34.5997,119.1594,76.12,89,77,8.75
484,Sambava,MG,2021-07-21 12:54:18,-14.2667,50.1667,75.06,75,0,15.86
485,Mujiayingzi,CN,2021-07-21 12:56:23,42.1167,118.7833,74.32,69,100,9.19
486,Rawson,AR,2021-07-21 12:51:47,-43.3002,-65.1023,48.24,77,100,10.69
487,Tombouctou,ML,2021-07-21 12:54:18,20.0,-3.0,109.99,16,24,17.98
488,Burgersdorp,ZA,2021-07-21 12:56:24,-30.9977,26.3286,50.09,17,0,19.71
489,Taree,AU,2021-07-21 12:56:24,-31.9,152.4667,48.13,71,40,5.75
490,Ashland,US,2021-07-21 12:56:24,40.8167,-82.2665,67.68,85,42,10.67
491,Igarka,RU,2021-07-21 12:56:25,67.4667,86.5833,64.36,51,1,7.14
492,Lazaro Cardenas,MX,2021-07-21 12:56:25,17.9583,-102.2,77.68,86,33,5.32
493,Erdenet,MN,2021-07-21 12:56:25,49.0333,104.0833,55.04,95,100,0.94
494,Omboue,GA,2021-07-21 12:56:26,-1.5746,9.2618,80.44,65,69,11.43
495,Atbasar,KZ,2021-07-21 12:56:26,51.8,68.3333,81.43,33,8,6.82
496,Svetlaya,RU,2021-07-21 12:56:26,46.5389,138.3297,66.85,100,100,2.71
497,Barcelona,ES,2021-07-21 12:52:12,41.3888,2.159,101.34,61,0,1.01
498,Kenai,US,2021-07-21 12:56:27,60.5544,-151.2583,55.02,97,90,4.61
499,Saint-Michel-Des-Saints,CA,2021-07-21 12:56:27,46.6834,-73.9159,57.94,72,0,5.53
500,Chiang Rai,TH,2021-07-21 12:56:28,19.9167,99.9167,75.18,100,75,4.61
501,Kalmar,SE,2021-07-21 12:56:28,56.6616,16.3616,76.96,44,0,5.75
502,Landeck,AT,2021-07-21 12:56:28,47.1301,10.5636,79.29,36,3,6.4
503,Kovdor,RU,2021-07-21 12:56:29,67.5662,30.4758,54.03,51,100,10.29
504,Lerwick,GB,2021-07-21 12:56:29,60.1545,-1.1494,53.6,77,47,10.04
505,Badhni Kalan,IN,2021-07-21 12:56:29,30.6833,75.2833,86.36,64,90,0.74
506,Celestun,MX,2021-07-21 12:56:30,20.8667,-90.4,77.97,86,5,9.37
507,Osmena,PH,2021-07-21 12:56:30,10.5208,119.9258,83.5,77,95,14.03
508,Egtved,DK,2021-07-21 12:56:30,55.618,9.301,66.02,67,90,9.22
509,Marsabit,KE,2021-07-21 12:56:31,2.3284,37.9899,79.07,33,27,16.33
510,Piranhas,BR,2021-07-21 12:56:31,-16.4269,-51.8222,83.14,13,0,6.11
511,Suntar,RU,2021-07-21 12:56:31,62.1444,117.6319,65.41,76,36,5.61
512,Gao,ML,2021-07-21 12:56:32,16.6362,1.637,94.91,24,100,0.72
513,Mount Gambier,AU,2021-07-21 12:56:32,-37.8333,140.7667,42.71,93,100,6.91
514,Tambovka,RU,2021-07-21 12:56:33,50.0969,128.0489,78.91,77,96,5.03
515,Nishihara,JP,2021-07-21 12:56:34,26.1842,127.7558,81.68,89,75,27.63
516,Pinotepa Nacional,MX,2021-07-21 12:56:34,16.3167,-98.0167,74.01,90,83,3.0
517,Meadville,US,2021-07-21 12:53:57,41.6414,-80.1515,68.4,88,90,4.61
518,Malyn,UA,2021-07-21 12:56:35,50.7723,29.2383,78.71,56,100,12.57
519,Copiapo,CL,2021-07-21 12:56:35,-27.3667,-70.3333,44.29,22,1,0.74
520,Carutapera,BR,2021-07-21 12:56:35,-1.195,-46.02,80.51,82,53,9.24
521,Olafsvik,IS,2021-07-21 12:56:36,64.8945,-23.7142,53.26,79,7,14.76
522,Kachiry,KZ,2021-07-21 12:56:36,53.0675,76.1036,78.55,40,2,6.44
523,Hirna,ET,2021-07-21 12:56:36,9.2167,41.1,68.94,68,80,7.45
524,Belmonte,BR,2021-07-21 12:56:37,-15.8631,-38.8828,72.1,79,81,14.5
525,Tunceli,TR,2021-07-21 12:56:37,39.1083,39.5471,102.76,9,0,9.73
526,Moratuwa,LK,2021-07-21 12:56:38,6.773,79.8816,84.22,80,88,12.53
527,Mahoba,IN,2021-07-21 12:56:38,25.2833,79.8667,80.78,66,100,8.72
528,Concordia,AR,2021-07-21 12:56:38,-31.393,-58.0209,41.07,87,0,6.91
529,Malim,PH,2021-07-21 12:56:39,7.452,123.4312,82.83,74,75,6.85
530,Hovd,MN,2021-07-21 12:56:39,48.0056,91.6419,78.89,24,0,5.88
531,Lima,PE,2021-07-21 12:53:49,-12.0432,-77.0282,61.05,82,90,5.75
532,Gigmoto,PH,2021-07-21 12:56:39,13.7796,124.39,81.99,84,100,8.75
533,Matara,LK,2021-07-21 12:56:40,5.9485,80.5353,80.89,80,100,13.51
534,Cachira,CO,2021-07-21 12:56:40,7.741,-73.0483,61.88,66,10,4.03
535,Ladushkin,RU,2021-07-21 12:56:41,54.5703,20.171,73.26,61,34,7.67
536,College,US,2021-07-21 12:56:42,64.8569,-147.8028,62.58,74,90,0.0
537,Charcas,MX,2021-07-21 12:56:42,23.1333,-101.1167,59.25,90,49,4.81
538,Tyukhtet,RU,2021-07-21 12:56:42,56.5389,89.3011,68.86,70,14,2.08
539,Kailua,US,2021-07-21 12:56:43,21.4022,-157.7394,78.03,75,20,10.36
540,Derbent,RU,2021-07-21 12:56:43,42.0678,48.2899,87.93,48,100,9.4
541,Quelimane,MZ,2021-07-21 12:56:43,-17.8786,36.8883,82.35,58,75,10.0
542,Sao Miguel Do Araguaia,BR,2021-07-21 12:56:44,-13.275,-50.1628,87.37,22,0,8.52
543,Mackay,AU,2021-07-21 12:56:44,-21.15,149.2,51.78,82,0,3.44
544,Finschhafen,PG,2021-07-21 12:56:44,-6.6024,147.8681,77.45,88,100,9.01
545,Flin Flon,CA,2021-07-21 12:56:45,54.7682,-101.865,62.44,77,90,5.75
546,Harper,LR,2021-07-21 12:56:45,4.375,-7.7169,79.84,67,99,7.02
547,Khash,IR,2021-07-21 12:56:46,28.2211,61.2158,93.47,8,0,21.79
548,Hami,CN,2021-07-21 12:56:46,42.8,93.45,91.8,19,95,2.75
549,Sorland,NO,2021-07-21 12:56:46,67.667,12.6934,51.87,94,100,30.96
550,Lompoc,US,2021-07-21 12:52:24,34.6391,-120.4579,64.78,90,90,0.0
551,Langfang,CN,2021-07-21 12:56:48,39.5097,116.6947,80.85,94,100,6.35
552,Frome,GB,2021-07-21 12:56:48,51.2283,-2.3221,85.48,54,0,4.23
553,Virginia Beach,US,2021-07-21 12:55:29,36.8529,-75.978,81.01,79,40,5.75
554,Cao Bang,VN,2021-07-21 12:56:49,22.6667,106.25,77.63,94,100,1.66
555,Faya,SA,2021-07-21 12:56:49,18.3851,42.4509,66.31,79,75,11.36
