City_ID,City,Country,Date,Lat,Lng,Max Temp,Humidity,Cloudiness,Wind Speed,Current Description
0,Pyapon,MM,2021-07-24 13:19:05,16.2833,95.6833,80.04,88,100,9.51,heavy intensity rain
1,Victoria,HK,2021-07-24 13:19:05,22.2855,114.1577,90.21,81,78,1.01,broken clouds
2,Ancud,CL,2021-07-24 13:19:06,-41.8697,-73.8203,35.13,82,100,5.26,overcast clouds
3,Punta Arenas,CL,2021-07-24 13:19:06,-53.15,-70.9167,37.42,87,40,13.8,scattered clouds
4,Nikolskoye,RU,2021-07-24 13:19:06,59.7035,30.7861,71.4,32,9,7.38,clear sky
5,Ribeira Grande,PT,2021-07-24 13:19:07,38.5167,-28.7,79.2,69,40,19.57,scattered clouds
6,Ushuaia,AR,2021-07-24 13:18:07,-54.8,-68.3,35.26,80,40,5.75,scattered clouds
7,Barrow,US,2021-07-24 13:19:07,71.2906,-156.7887,37.42,93,90,8.05,mist
8,Rikitea,PF,2021-07-24 13:19:07,-23.1203,-134.9692,68.63,56,0,5.66,clear sky
9,Butaritari,KI,2021-07-24 13:19:08,3.0707,172.7902,83.59,71,0,16.89,clear sky
10,Yellowknife,CA,2021-07-24 13:19:08,62.456,-114.3525,50.56,73,75,5.01,broken clouds
11,Arraial Do Cabo,BR,2021-07-24 13:19:08,-22.9661,-42.0278,75.16,60,20,16.11,few clouds
12,Altay,CN,2021-07-24 13:19:09,47.8667,88.1167,79.57,35,1,11.18,clear sky
13,Salamiyah,SY,2021-07-24 13:19:09,35.0113,37.0532,94.24,29,0,20.94,clear sky
14,Atuona,PF,2021-07-24 13:19:09,-9.8,-139.0333,77.68,70,97,15.14,overcast clouds
15,Vaini,TO,2021-07-24 13:19:10,-21.2,-175.2,69.96,100,20,0.0,fog
16,Port Alfred,ZA,2021-07-24 13:19:10,-33.5906,26.891,62.62,49,0,20.13,clear sky
17,Iqaluit,CA,2021-07-24 13:19:10,63.7506,-68.5145,44.33,76,75,11.5,broken clouds
18,Kaitangata,NZ,2021-07-24 13:19:11,-46.2817,169.8464,41.94,55,100,4.61,overcast clouds
19,Hermanus,ZA,2021-07-24 13:19:11,-34.4187,19.2345,62.8,47,83,3.04,broken clouds
20,Dickinson,US,2021-07-24 13:19:11,29.4608,-95.0513,83.05,85,1,5.75,clear sky
21,Barcelona,ES,2021-07-24 13:19:12,41.3888,2.159,98.96,72,20,5.01,few clouds
22,Tasiilaq,GL,2021-07-24 13:19:12,65.6145,-37.6368,44.76,98,100,3.02,overcast clouds
23,Busselton,AU,2021-07-24 13:19:12,-33.65,115.3333,54.09,71,100,13.62,overcast clouds
24,Ust-Maya,RU,2021-07-24 13:19:12,60.4167,134.5333,68.05,99,100,8.48,heavy intensity rain
25,New Norfolk,AU,2021-07-24 13:19:13,-42.7826,147.0587,43.57,73,100,2.46,light rain
26,Paramonga,PE,2021-07-24 13:19:13,-10.6667,-77.8333,63.39,82,68,6.29,broken clouds
27,Camopi,GF,2021-07-24 13:19:14,3.1655,-52.3158,82.85,67,31,5.86,scattered clouds
28,Bredasdorp,ZA,2021-07-24 13:19:14,-34.5322,20.0403,65.52,39,95,6.91,overcast clouds
29,Kapaa,US,2021-07-24 13:19:14,22.0752,-159.319,79.12,82,90,3.0,light rain
30,Kaeo,NZ,2021-07-24 13:19:15,-35.1,173.7833,51.33,96,44,8.66,scattered clouds
31,Hambantota,LK,2021-07-24 13:19:15,6.1241,81.1185,81.36,78,100,18.41,overcast clouds
32,Konya,TR,2021-07-24 13:19:15,38.1667,32.5,76.48,25,2,11.72,clear sky
33,Sri Aman,MY,2021-07-24 13:19:15,1.2376,111.4621,82.45,78,48,3.44,scattered clouds
34,Cape Town,ZA,2021-07-24 13:18:55,-33.9258,18.4232,68.41,22,0,4.61,clear sky
35,Hobart,AU,2021-07-24 13:19:16,-42.8794,147.3294,43.92,84,75,5.75,light rain
36,Tuktoyaktuk,CA,2021-07-24 13:19:16,69.4541,-133.0374,51.8,82,20,17.27,few clouds
37,Tuatapere,NZ,2021-07-24 13:19:17,-46.1333,167.6833,41.83,86,100,7.23,overcast clouds
38,Marsh Harbour,BS,2021-07-24 13:19:17,26.5412,-77.0636,79.03,83,100,11.27,overcast clouds
39,Padang,ID,2021-07-24 13:19:17,-0.9492,100.3543,78.85,85,90,3.29,overcast clouds
40,Avera,US,2021-07-24 13:19:18,33.194,-82.5271,80.26,78,0,5.14,clear sky
41,Erenhot,CN,2021-07-24 13:19:18,43.6475,111.9767,70.21,80,100,7.4,light rain
42,Hokitika,NZ,2021-07-24 13:19:18,-42.7167,170.9667,43.75,86,44,7.25,scattered clouds
43,Galle,LK,2021-07-24 13:19:18,6.0367,80.217,79.39,86,76,10.8,broken clouds
44,Jamestown,US,2021-07-24 13:17:31,42.097,-79.2353,71.71,83,1,1.01,clear sky
45,Mikhaylovskoye,RU,2021-07-24 13:19:19,51.8239,79.7172,83.82,38,12,7.65,few clouds
46,Skjervoy,NO,2021-07-24 13:19:19,70.0311,20.9714,49.96,96,100,18.99,overcast clouds
47,Eyrarbakki,IS,2021-07-24 13:19:19,63.863,-21.1481,58.21,91,100,9.75,overcast clouds
48,Sitka,US,2021-07-24 13:19:20,57.0531,-135.33,55.29,88,90,0.0,light rain
49,Tecpatan,MX,2021-07-24 13:19:20,17.1333,-93.3,72.41,93,60,1.59,broken clouds
50,Axim,GH,2021-07-24 13:19:20,4.8699,-2.2405,79.99,65,90,9.86,overcast clouds
51,Penzance,GB,2021-07-24 13:19:21,50.1186,-5.5371,67.21,82,40,17.27,scattered clouds
52,Ponta Do Sol,PT,2021-07-24 13:19:21,32.6667,-17.1,80.71,67,0,2.89,clear sky
53,Port Elizabeth,ZA,2021-07-24 13:16:59,-33.918,25.5701,64.09,41,0,13.8,clear sky
54,Hof,DE,2021-07-24 13:19:21,50.3167,11.9167,82.45,47,0,6.91,light rain
55,Japura,ID,2021-07-24 13:19:22,-0.3167,102.35,80.26,73,38,3.56,scattered clouds
56,Sharjah,AE,2021-07-24 13:19:22,25.3573,55.4033,110.25,43,24,19.57,dust
57,Xinzhou,CN,2021-07-24 13:19:22,38.4092,112.7333,76.89,66,68,3.56,broken clouds
58,Lebu,CL,2021-07-24 13:19:23,-37.6167,-73.65,47.8,84,7,5.32,clear sky
59,Kodiak,US,2021-07-24 13:19:23,57.79,-152.4072,50.94,99,100,8.05,light rain
60,Dwarka,IN,2021-07-24 13:19:23,22.2394,68.9678,83.34,84,100,19.91,overcast clouds
61,Price,US,2021-07-24 13:19:24,39.5994,-110.8107,70.12,42,20,10.36,few clouds
62,Torbay,CA,2021-07-24 13:19:24,47.6666,-52.7314,65.28,80,75,11.5,broken clouds
63,Hilo,US,2021-07-24 13:19:25,19.7297,-155.09,73.8,94,90,5.75,overcast clouds
64,North Platte,US,2021-07-24 13:19:25,41.1239,-100.7654,73.29,81,1,5.01,clear sky
65,Quatre Cocos,MU,2021-07-24 13:19:25,-20.2078,57.7625,74.08,65,64,10.96,broken clouds
66,Motygino,RU,2021-07-24 13:19:25,58.1831,94.7592,75.16,53,5,5.61,clear sky
67,Teya,RU,2021-07-24 13:19:26,60.3778,92.6267,75.78,53,91,2.66,overcast clouds
68,Baiyin,CN,2021-07-24 13:19:26,36.5583,104.2081,86.88,44,12,13.24,few clouds
69,Port Macquarie,AU,2021-07-24 13:19:26,-31.4333,152.9167,53.89,76,1,6.55,clear sky
70,Constitucion,CL,2021-07-24 13:19:27,-35.3333,-72.4167,51.55,86,98,11.36,overcast clouds
71,Airai,TL,2021-07-24 13:19:27,-8.9266,125.4092,56.77,51,6,2.95,clear sky
72,Senneterre,CA,2021-07-24 13:14:29,48.3835,-77.2328,64.71,59,100,9.33,overcast clouds
73,Albany,US,2021-07-24 13:19:27,42.6001,-73.9662,71.28,82,0,2.68,clear sky
74,Tura,IN,2021-07-24 13:19:28,25.5198,90.2201,77.22,91,3,5.35,clear sky
75,Komsomolskiy,UZ,2021-07-24 13:19:28,40.4272,71.7189,102.92,11,0,4.61,clear sky
76,Barahona,DO,2021-07-24 13:19:28,18.2085,-71.1008,82.22,83,20,0.0,few clouds
77,Qaanaaq,GL,2021-07-24 13:19:29,77.484,-69.3632,38.98,69,30,4.18,scattered clouds
78,Itarema,BR,2021-07-24 13:19:29,-2.9248,-39.9167,85.48,48,65,15.03,broken clouds
79,Pacifica,US,2021-07-24 13:19:29,37.6138,-122.4869,60.82,93,40,1.01,scattered clouds
80,Houma,US,2021-07-24 13:14:45,29.5958,-90.7195,84.2,86,1,9.22,clear sky
81,Mataura,NZ,2021-07-24 13:19:30,-46.1927,168.8643,41.49,90,99,3.69,overcast clouds
82,Kurayoshi,JP,2021-07-24 13:19:30,35.4333,133.8167,80.42,86,94,3.96,overcast clouds
83,Khatanga,RU,2021-07-24 13:19:30,71.9667,102.5,63.09,79,100,6.55,overcast clouds
84,Saskylakh,RU,2021-07-24 13:19:31,71.9167,114.0833,60.15,65,100,3.4,overcast clouds
85,Kinango,KE,2021-07-24 13:19:31,-4.1372,39.3153,81.84,45,8,19.73,clear sky
86,Karratha,AU,2021-07-24 13:19:32,-20.7377,116.8463,73.11,56,19,3.71,few clouds
87,Semme,FR,2021-07-24 13:19:32,46.1963,1.5007,72.01,53,46,10.16,scattered clouds
88,Freeport,US,2021-07-24 13:16:29,40.6576,-73.5832,78.1,63,1,1.01,clear sky
89,Omsukchan,RU,2021-07-24 13:19:32,62.5333,155.8,50.88,91,100,3.53,overcast clouds
90,Bethel,US,2021-07-24 13:14:35,41.3712,-73.414,74.07,78,1,4.61,clear sky
91,Brownwood,US,2021-07-24 13:19:33,31.7093,-98.9912,78.3,82,0,12.12,clear sky
92,Georgetown,MY,2021-07-24 13:19:33,5.4112,100.3354,85.95,74,20,3.44,few clouds
93,Surt,LY,2021-07-24 13:19:33,31.2089,16.5887,83.91,51,0,13.04,clear sky
94,Poum,NC,2021-07-24 13:19:33,-20.2333,164.0167,72.84,85,9,8.1,clear sky
95,Isangel,VU,2021-07-24 13:19:34,-19.55,169.2667,75.79,86,6,2.08,clear sky
96,Dukat,RU,2021-07-24 13:19:34,62.55,155.55,50.22,89,100,3.38,overcast clouds
97,Great Falls,US,2021-07-24 13:18:19,47.5002,-111.3008,64.42,40,1,3.0,clear sky
98,Iranshahr,IR,2021-07-24 13:19:35,27.2025,60.6848,109.74,20,40,6.91,scattered clouds
99,Lukovetskiy,RU,2021-07-24 13:19:35,64.2956,41.9211,55.38,65,99,11.25,light rain
100,Bathsheba,BB,2021-07-24 13:19:35,13.2167,-59.5167,86.61,74,40,16.11,scattered clouds
101,East London,ZA,2021-07-24 13:19:36,-33.0153,27.9116,61.74,59,0,16.11,clear sky
102,Vao,NC,2021-07-24 13:19:36,-22.6667,167.4833,70.99,84,30,9.44,scattered clouds
103,Ballina,AU,2021-07-24 13:19:36,-28.8667,153.5667,57.78,61,0,15.28,clear sky
104,Kristiansund,NO,2021-07-24 13:19:37,63.1115,7.732,72.25,46,0,5.75,clear sky
105,Urusha,RU,2021-07-24 13:19:37,54.05,122.9,58.6,98,46,2.64,moderate rain
106,Kununurra,AU,2021-07-24 13:19:37,-15.7667,128.7333,67.98,64,100,0.0,overcast clouds
107,Luderitz,NA,2021-07-24 13:19:37,-26.6481,15.1594,70.95,29,4,9.13,clear sky
108,Goulburn,AU,2021-07-24 13:19:38,-34.75,149.7167,44.58,92,97,23.13,light rain
109,Puerto Ayora,EC,2021-07-24 13:19:38,-0.7393,-90.3518,73.54,77,66,7.0,broken clouds
110,Blackwater,AU,2021-07-24 13:19:38,-23.5833,148.8833,57.49,46,0,9.62,clear sky
111,Arrecife,ES,2021-07-24 13:19:39,28.963,-13.5477,80.58,61,20,19.57,few clouds
112,Carnarvon,AU,2021-07-24 13:19:39,-24.8667,113.6333,62.67,59,90,8.05,overcast clouds
113,Laguna,US,2021-07-24 13:17:39,38.421,-121.4238,75.22,68,1,1.01,clear sky
114,Oranjemund,NA,2021-07-24 13:19:39,-28.55,16.4333,74.16,17,1,18.92,clear sky
115,Esperance,AU,2021-07-24 13:19:40,-33.8667,121.9,53.33,71,11,16.55,few clouds
116,Tual,ID,2021-07-24 13:19:40,-5.6667,132.75,79.86,81,100,12.12,overcast clouds
117,Upernavik,GL,2021-07-24 13:19:41,72.7868,-56.1549,38.5,92,97,7.38,overcast clouds
118,Chardara,KZ,2021-07-24 13:19:41,41.2547,67.9692,101.66,15,0,12.73,clear sky
119,Muisne,EC,2021-07-24 13:19:41,0.6,-80.0333,75.31,83,100,11.39,overcast clouds
120,Colac,AU,2021-07-24 13:19:41,-38.3333,143.5833,44.42,87,100,16.35,light rain
121,Narsaq,GL,2021-07-24 13:19:42,60.9167,-46.05,46.62,83,100,4.83,overcast clouds
122,Chokurdakh,RU,2021-07-24 13:19:42,70.6333,147.9167,36.55,87,17,13.22,few clouds
123,Portland,US,2021-07-24 13:17:17,45.5234,-122.6762,65.1,85,20,1.01,few clouds
124,Phan Thiet,VN,2021-07-24 13:19:43,10.9333,108.1,79.97,78,80,7.76,broken clouds
125,Houston,US,2021-07-24 13:17:12,29.7633,-95.3633,82.06,85,1,1.99,clear sky
126,Husavik,IS,2021-07-24 13:19:43,66.0449,-17.3389,67.91,59,87,16.87,overcast clouds
127,Castro,BR,2021-07-24 13:19:43,-24.7911,-50.0119,63.55,49,0,4.99,clear sky
128,Muros,ES,2021-07-24 13:19:44,42.7762,-9.0603,71.1,70,21,7.76,few clouds
129,Gannan,CN,2021-07-24 13:19:44,47.9147,123.5031,67.44,87,5,13.89,clear sky
130,Winslow,US,2021-07-24 13:19:44,35.0242,-110.6974,64.58,96,90,4.61,overcast clouds
131,Juneau,US,2021-07-24 13:16:58,58.3019,-134.4197,54.84,95,90,1.01,light rain
132,Mahebourg,MU,2021-07-24 13:19:45,-20.4081,57.7,74.25,64,40,8.05,scattered clouds
133,Ponta Delgada,PT,2021-07-24 13:19:45,37.7333,-25.6667,74.12,83,40,10.36,scattered clouds
134,Ostrovnoy,RU,2021-07-24 13:19:45,68.0531,39.5131,46.63,84,100,26.44,overcast clouds
135,Jinchang,CN,2021-07-24 13:19:46,38.4953,102.1739,85.23,30,91,23.02,overcast clouds
136,Waddan,LY,2021-07-24 13:19:46,29.1614,16.139,94.42,18,0,11.32,clear sky
137,Bluff,NZ,2021-07-24 13:19:46,-46.6,168.3333,41.81,83,100,11.52,overcast clouds
138,Chuy,UY,2021-07-24 13:19:47,-33.6971,-53.4616,63.03,74,15,2.53,few clouds
139,Inta,RU,2021-07-24 13:19:47,66.0317,60.1659,57.31,76,100,12.3,overcast clouds
140,Moron,AR,2021-07-24 13:18:57,-34.6534,-58.6198,58.01,82,100,7.0,overcast clouds
141,Genhe,CN,2021-07-24 13:15:25,50.7833,121.5167,56.97,95,13,2.13,light rain
142,Grindavik,IS,2021-07-24 13:19:48,63.8424,-22.4338,55.35,87,75,16.11,broken clouds
143,Norman Wells,CA,2021-07-24 13:19:48,65.282,-126.8329,53.64,82,75,10.36,broken clouds
144,Longyearbyen,SJ,2021-07-24 13:19:48,78.2186,15.6401,48.04,71,75,9.22,broken clouds
145,Mount Gambier,AU,2021-07-24 13:19:48,-37.8333,140.7667,41.95,88,100,14.97,overcast clouds
146,Shaoyang,CN,2021-07-24 13:19:49,27.2315,111.4525,77.61,84,14,4.97,few clouds
147,Petauke,ZM,2021-07-24 13:19:49,-14.2426,31.3253,67.32,45,98,12.59,overcast clouds
148,Mar Del Plata,AR,2021-07-24 13:15:52,-38.0023,-57.5575,49.87,65,0,7.0,clear sky
149,Vostok,RU,2021-07-24 13:19:49,46.4856,135.8833,74.01,74,61,4.21,broken clouds
150,Port Lincoln,AU,2021-07-24 13:19:50,-34.7333,135.8667,50.97,66,62,29.75,broken clouds
151,Cockburn Town,TC,2021-07-24 13:19:50,21.4612,-71.1419,82.02,77,3,16.75,clear sky
152,San Patricio,US,2021-07-24 13:19:50,28.017,-97.5169,84.09,85,0,8.63,clear sky
153,Berlevag,NO,2021-07-24 13:19:51,70.8578,29.0864,45.91,85,100,27.13,overcast clouds
154,Huangmei,CN,2021-07-24 13:19:51,30.1924,116.025,78.17,84,21,9.48,few clouds
155,Batticaloa,LK,2021-07-24 13:19:51,7.7102,81.6924,87.64,58,100,12.57,overcast clouds
156,Montijo,PT,2021-07-24 13:19:52,38.7067,-8.9739,80.71,58,20,12.66,few clouds
157,Broome,US,2021-07-24 13:19:52,42.2506,-75.833,70.92,83,1,1.01,clear sky
158,Adrar,MR,2021-07-24 13:19:52,20.5022,-10.0711,104.56,15,11,8.41,few clouds
159,Misratah,LY,2021-07-24 13:19:52,32.3754,15.0925,85.96,47,0,10.38,clear sky
160,Pegnitz,DE,2021-07-24 13:19:53,49.7564,11.545,82.24,47,96,2.35,overcast clouds
161,Fare,PF,2021-07-24 13:19:53,-16.7,-151.0167,77.74,64,6,12.97,clear sky
162,Nome,US,2021-07-24 13:19:53,64.5011,-165.4064,46.47,87,90,6.91,overcast clouds
163,Avarua,CK,2021-07-24 13:18:19,-21.2078,-159.775,66.25,94,35,1.14,scattered clouds
164,Puri,IN,2021-07-24 13:19:54,19.8,85.85,87.39,80,35,14.97,scattered clouds
165,Bambous Virieux,MU,2021-07-24 13:19:54,-20.3428,57.7575,74.21,64,40,8.05,scattered clouds
166,Tiksi,RU,2021-07-24 13:19:54,71.6872,128.8694,42.22,90,100,5.97,overcast clouds
167,Tateyama,JP,2021-07-24 13:19:55,34.9833,139.8667,83.01,80,0,6.96,clear sky
168,Aykhal,RU,2021-07-24 13:19:55,66.0,111.5,62.76,55,100,5.44,overcast clouds
169,Manta,EC,2021-07-24 13:19:55,-0.95,-80.7333,71.38,88,90,4.61,overcast clouds
170,Olinda,BR,2021-07-24 13:19:56,-8.0089,-34.8553,78.53,61,40,18.41,scattered clouds
171,Cherskiy,RU,2021-07-24 13:19:56,68.75,161.3,38.55,86,63,6.67,broken clouds
172,Bintulu,MY,2021-07-24 13:19:56,3.1667,113.0333,79.21,94,40,1.14,scattered clouds
173,Sembakung,ID,2021-07-24 13:18:19,3.8167,117.25,84.13,94,71,1.68,broken clouds
174,Saldanha,ZA,2021-07-24 13:19:57,-33.0117,17.9442,62.53,45,18,2.75,few clouds
175,Nizhnyaya Tavda,RU,2021-07-24 13:19:57,57.6731,66.1725,67.26,72,100,2.04,overcast clouds
176,Havre-Saint-Pierre,CA,2021-07-24 13:19:58,50.2334,-63.5986,61.16,82,75,8.05,broken clouds
177,Porto-Vecchio,FR,2021-07-24 13:17:14,41.591,9.2795,103.46,55,0,16.11,clear sky
178,Kavieng,PG,2021-07-24 13:19:58,-2.5744,150.7967,82.56,77,5,11.03,clear sky
179,Guerrero Negro,MX,2021-07-24 13:19:58,27.9769,-114.0611,67.8,89,100,8.52,overcast clouds
180,Dubai,AE,2021-07-24 13:17:25,25.2582,55.3047,110.21,44,52,18.41,dust
181,Alihe,CN,2021-07-24 13:19:59,50.5667,123.7167,64.31,95,100,2.37,moderate rain
182,Nanortalik,GL,2021-07-24 13:19:59,60.1432,-45.2371,43.57,97,100,10.36,overcast clouds
183,Progreso,MX,2021-07-24 13:19:59,21.2833,-89.6667,80.71,83,100,4.94,overcast clouds
184,Port Hedland,AU,2021-07-24 13:19:23,-20.3167,118.5667,66.25,68,9,4.61,clear sky
185,Hithadhoo,MV,2021-07-24 13:20:00,-0.6,73.0833,82.92,78,54,14.12,broken clouds
186,Dingle,PH,2021-07-24 13:20:00,10.9995,122.6711,78.98,81,95,12.82,overcast clouds
187,Ilheus,BR,2021-07-24 13:20:00,-14.7889,-39.0494,76.82,69,40,17.27,scattered clouds
188,Yaan,NG,2021-07-24 13:20:01,7.3833,8.5667,80.04,69,47,9.17,scattered clouds
189,Provideniya,RU,2021-07-24 13:20:01,64.3833,-173.3,48.02,97,100,8.39,overcast clouds
190,Vestmannaeyjar,IS,2021-07-24 13:20:06,63.4427,-20.2734,54.59,94,90,11.5,light intensity drizzle
191,Cheyenne,US,2021-07-24 13:15:33,41.14,-104.8203,69.96,59,1,5.75,clear sky
192,Inhambane,MZ,2021-07-24 13:20:06,-23.865,35.3833,68.95,49,81,14.0,broken clouds
193,Te Anau,NZ,2021-07-24 13:20:06,-45.4167,167.7167,39.56,91,100,2.71,overcast clouds
194,Nantucket,US,2021-07-24 13:17:26,41.2835,-70.0995,73.99,89,0,6.58,clear sky
195,Shingu,JP,2021-07-24 13:20:07,33.7333,135.9833,78.91,91,41,4.05,scattered clouds
196,Yahotyn,UA,2021-07-24 13:20:08,50.2798,31.7625,78.71,57,100,6.06,overcast clouds
197,Kayerkan,RU,2021-07-24 13:20:08,69.3497,87.7602,57.85,66,60,19.17,broken clouds
198,Thompson,CA,2021-07-24 13:20:08,55.7435,-97.8558,59.16,88,40,14.97,scattered clouds
199,Tongchuan,CN,2021-07-24 13:20:08,35.0806,109.0897,75.94,74,28,10.22,scattered clouds
200,Fukue,JP,2021-07-24 13:20:09,32.6881,128.8419,81.18,78,100,21.0,overcast clouds
201,Bratsk,RU,2021-07-24 13:20:09,56.1325,101.6142,73.89,57,30,3.8,scattered clouds
202,Chibombo,ZM,2021-07-24 13:20:10,-14.6569,28.0706,68.61,44,66,13.42,broken clouds
203,Eureka,US,2021-07-24 13:20:10,40.8021,-124.1637,50.94,93,0,3.51,clear sky
204,Praia,CV,2021-07-24 13:20:10,14.9215,-23.5087,82.94,47,20,13.8,few clouds
205,Salalah,OM,2021-07-24 13:20:11,17.0151,54.0924,78.89,94,90,12.66,haze
206,Along,IN,2021-07-24 13:20:11,28.1667,94.7667,78.75,98,40,1.52,scattered clouds
207,Lerwick,GB,2021-07-24 13:19:11,60.1545,-1.1494,55.4,82,100,9.26,overcast clouds
208,Basco,PH,2021-07-24 13:20:12,20.4487,121.9702,83.12,88,98,31.05,overcast clouds
209,Novobirilyussy,RU,2021-07-24 13:20:12,56.9514,90.6661,74.44,62,74,5.64,broken clouds
210,Manavalakurichi,IN,2021-07-24 13:20:12,8.1333,77.3,80.69,79,93,15.57,overcast clouds
211,Lagoa,PT,2021-07-24 13:20:13,39.05,-27.9833,70.61,95,10,13.22,clear sky
212,Walvis Bay,NA,2021-07-24 13:20:13,-22.9575,14.5053,81.93,14,0,4.09,clear sky
213,Hasaki,JP,2021-07-24 13:20:14,35.7333,140.8333,77.4,82,0,5.48,clear sky
214,Sunyani,GH,2021-07-24 13:20:14,7.3399,-2.3268,79.7,63,100,4.81,overcast clouds
215,Talnakh,RU,2021-07-24 13:20:14,69.4865,88.3972,60.98,62,42,19.8,scattered clouds
216,Talaya,RU,2021-07-24 13:20:14,61.3833,152.75,52.09,89,75,5.12,broken clouds
217,Hamilton,US,2021-07-24 13:20:15,39.1834,-84.5333,76.06,80,1,1.01,clear sky
218,Aklavik,CA,2021-07-24 13:20:15,68.2191,-135.0107,59.0,82,75,6.91,light intensity shower rain
219,Sivac,RS,2021-07-24 13:20:16,45.7033,19.3822,84.15,34,0,7.16,clear sky
220,Sorland,NO,2021-07-24 13:20:16,67.667,12.6934,53.67,97,100,14.0,overcast clouds
221,Coruripe,BR,2021-07-24 13:20:16,-10.1256,-36.1756,77.23,76,46,14.25,scattered clouds
222,Pisco,PE,2021-07-24 13:20:16,-13.7,-76.2167,62.65,72,90,5.75,overcast clouds
223,Lubao,PH,2021-07-24 13:20:17,14.9167,120.55,81.14,90,100,12.77,overcast clouds
224,Hisar,IN,2021-07-24 13:18:08,29.1667,75.7167,95.45,49,93,5.84,overcast clouds
225,Itoman,JP,2021-07-24 13:20:18,26.1247,127.6694,82.42,92,75,27.63,mist
226,Haines Junction,CA,2021-07-24 13:20:18,60.7522,-137.5108,39.15,93,100,1.14,overcast clouds
227,Bengkulu,ID,2021-07-24 13:20:18,-3.8004,102.2655,79.66,80,4,8.14,clear sky
228,Kahului,US,2021-07-24 13:20:18,20.8947,-156.47,76.84,90,20,14.97,few clouds
229,Codrington,AU,2021-07-24 13:20:19,-38.2667,141.9667,45.84,73,97,23.22,light rain
230,Ilulissat,GL,2021-07-24 13:20:19,69.2167,-51.1,44.62,76,75,14.97,broken clouds
231,Cidreira,BR,2021-07-24 13:20:19,-30.1811,-50.2056,65.39,56,0,2.19,clear sky
232,Whitianga,NZ,2021-07-24 13:20:20,-36.8333,175.7,54.01,75,80,12.66,broken clouds
233,Batagay,RU,2021-07-24 13:20:20,67.6333,134.6333,64.92,61,80,5.12,broken clouds
234,Sukagawa,JP,2021-07-24 13:20:20,37.2833,140.3833,75.31,98,28,1.9,scattered clouds
235,Kutum,SD,2021-07-24 13:20:21,14.2,24.6667,88.09,35,100,9.53,overcast clouds
236,Tranas,SE,2021-07-24 13:20:21,58.0372,14.9782,79.39,32,1,3.09,clear sky
237,Nagato,JP,2021-07-24 13:20:21,34.3833,131.2,82.31,82,100,4.79,overcast clouds
238,Labrea,BR,2021-07-24 13:20:22,-7.2586,-64.7981,83.25,49,15,2.51,few clouds
239,Belmonte,BR,2021-07-24 13:20:22,-15.8631,-38.8828,75.7,56,93,13.04,overcast clouds
240,Zeya,RU,2021-07-24 13:20:22,53.75,127.2667,67.14,95,92,5.06,light rain
241,Port Hardy,CA,2021-07-24 13:20:23,50.6996,-127.4199,57.38,100,90,2.3,overcast clouds
242,Archidona,ES,2021-07-24 13:20:23,37.0965,-4.3887,98.85,10,0,12.17,clear sky
243,Fortuna,US,2021-07-24 13:20:23,40.5982,-124.1573,50.67,73,0,3.4,clear sky
244,Paysandu,UY,2021-07-24 13:20:24,-32.3214,-58.0756,62.6,62,26,6.06,scattered clouds
245,Nelson Bay,AU,2021-07-24 13:20:24,-32.7167,152.15,58.08,54,66,4.0,broken clouds
246,Atherton,GB,2021-07-24 13:20:24,53.5237,-2.4935,72.36,62,100,4.0,overcast clouds
247,Haimen,CN,2021-07-24 13:20:25,23.1935,116.6142,84.09,81,23,8.08,few clouds
248,Neryungri,RU,2021-07-24 13:20:25,56.6709,124.6491,57.0,96,100,2.84,overcast clouds
249,Ngunguru,NZ,2021-07-24 13:20:25,-35.6167,174.5,51.17,82,55,13.87,broken clouds
250,Tautira,PF,2021-07-24 13:20:26,-17.7333,-149.15,71.62,65,0,8.43,clear sky
251,Korla,CN,2021-07-24 13:20:26,41.7597,86.1469,99.03,15,0,7.92,clear sky
252,Broken Hill,AU,2021-07-24 13:20:26,-31.95,141.4333,48.58,64,6,22.73,clear sky
253,Srednekolymsk,RU,2021-07-24 13:20:27,67.45,153.6833,50.27,65,99,8.88,overcast clouds
254,Mantua,IT,2021-07-24 13:20:27,45.1667,10.7833,95.7,24,36,3.49,scattered clouds
255,Hofn,IS,2021-07-24 13:14:55,64.2539,-15.2082,53.62,100,90,4.61,mist
256,San Andres,CO,2021-07-24 13:20:28,12.5847,-81.7006,82.42,83,40,17.27,scattered clouds
257,Guiratinga,BR,2021-07-24 13:20:28,-16.3494,-53.7583,79.45,33,0,11.86,clear sky
258,Urumqi,CN,2021-07-24 13:16:49,43.801,87.6005,92.35,15,0,6.71,clear sky
259,Buenaventura,CO,2021-07-24 13:20:29,3.8801,-77.0312,76.53,92,99,4.5,light rain
260,Sturgis,US,2021-07-24 13:20:29,41.7992,-85.4192,76.8,53,75,5.75,mist
261,Valparaiso,CL,2021-07-24 13:20:29,-33.0393,-71.6273,53.47,87,90,6.91,overcast clouds
262,Iskateley,RU,2021-07-24 13:20:29,67.6803,53.1512,56.08,47,23,16.98,few clouds
263,Zabol,AF,2021-07-24 13:20:30,32.25,67.25,91.45,12,19,11.12,few clouds
264,Road Town,VG,2021-07-24 13:20:03,18.4167,-64.6167,84.24,84,40,11.5,scattered clouds
265,Coquimbo,CL,2021-07-24 13:20:30,-29.9533,-71.3436,49.73,100,90,2.3,mist
266,Los Llanos De Aridane,ES,2021-07-24 13:20:31,28.6585,-17.9182,73.15,82,40,16.11,scattered clouds
267,Saint Anthony,US,2021-07-24 13:20:31,45.0205,-93.218,76.75,81,20,1.99,few clouds
268,Bayangol,RU,2021-07-24 13:20:31,50.6977,103.4656,59.81,82,54,2.51,broken clouds
269,Makat,KZ,2021-07-24 13:20:31,47.6469,53.3463,88.27,29,8,12.93,clear sky
270,Alto Longa,BR,2021-07-24 13:20:32,-5.2511,-42.2103,86.36,32,89,9.33,overcast clouds
271,Coihaique,CL,2021-07-24 13:20:32,-45.5752,-72.0662,29.01,100,100,0.0,fog
272,Strand,ZA,2021-07-24 13:20:32,-34.1069,18.8275,69.33,38,32,1.39,scattered clouds
273,Pathein,MM,2021-07-24 13:20:33,16.7833,94.7333,79.99,89,100,8.68,moderate rain
274,Cap Malheureux,MU,2021-07-24 13:20:33,-19.9842,57.6142,74.46,58,20,3.0,few clouds
275,Leningradskiy,RU,2021-07-24 13:20:33,69.3833,178.4167,35.92,95,100,3.38,overcast clouds
276,Juruti,BR,2021-07-24 13:20:34,-2.1522,-56.0922,84.0,56,100,6.67,overcast clouds
277,La Ronge,CA,2021-07-24 13:20:34,55.1001,-105.2842,61.02,77,40,9.22,smoke
278,Maputo,MZ,2021-07-24 13:20:34,-25.9653,32.5892,69.48,46,40,12.66,scattered clouds
279,Melnikovo,RU,2021-07-24 13:20:35,56.5558,84.085,81.16,63,8,3.98,clear sky
280,Klaksvik,FO,2021-07-24 13:20:35,62.2266,-6.589,52.72,93,65,20.96,broken clouds
281,Labuhan,ID,2021-07-24 13:20:35,-6.8844,112.2051,79.38,72,0,6.04,clear sky
282,Michurinsk,RU,2021-07-24 13:20:35,52.8978,40.4907,74.25,45,100,7.09,overcast clouds
283,Tiarei,PF,2021-07-24 13:20:36,-17.5333,-149.3333,71.62,66,0,9.57,clear sky
284,Chapais,CA,2021-07-24 13:20:36,49.7834,-74.8492,69.58,51,100,8.08,overcast clouds
285,Belgrade,RS,2021-07-24 13:20:36,44.804,20.4651,87.39,38,0,4.61,clear sky
286,Vila Velha,BR,2021-07-24 13:19:56,-20.3297,-40.2925,73.35,68,75,3.44,broken clouds
287,Khaniotis,GR,2021-07-24 13:20:37,39.9991,23.58,85.42,48,30,3.36,scattered clouds
288,Santa Lucia,ES,2021-07-24 13:20:37,27.9117,-15.5407,73.76,61,20,31.07,few clouds
289,Pekan,MY,2021-07-24 13:20:37,3.4836,103.3996,84.31,82,100,5.95,overcast clouds
290,Mattru,SL,2021-07-24 13:20:38,7.6244,-11.8332,76.48,91,100,5.23,moderate rain
291,Guilin,CN,2021-07-24 13:20:38,25.2819,110.2864,80.71,77,46,4.16,scattered clouds
292,Dikson,RU,2021-07-24 13:20:38,73.5069,80.5464,38.25,98,100,23.11,light rain
293,Paamiut,GL,2021-07-24 13:20:39,61.994,-49.6678,41.85,99,100,4.54,light rain
294,Burnie,AU,2021-07-24 13:20:39,-41.0667,145.9167,45.91,83,100,16.11,overcast clouds
295,Liverpool,GB,2021-07-24 13:18:23,53.4106,-2.9779,72.75,63,20,1.99,few clouds
296,Mujiayingzi,CN,2021-07-24 13:20:39,42.1167,118.7833,72.28,78,100,1.79,light rain
297,Saint-Philippe,RE,2021-07-24 13:20:40,-21.3585,55.7679,74.79,79,54,8.03,broken clouds
298,Kushima,JP,2021-07-24 13:20:40,31.4583,131.2333,78.12,92,100,12.28,overcast clouds
299,Golfito,CR,2021-07-24 13:16:08,8.639,-83.166,76.24,94,99,4.09,overcast clouds
300,Saint George,US,2021-07-24 13:20:41,37.1041,-113.5841,79.63,62,98,1.01,overcast clouds
301,Kruisfontein,ZA,2021-07-24 13:20:41,-34.0033,24.7314,61.88,33,0,11.21,clear sky
302,Kyrylivka,UA,2021-07-24 13:20:41,46.3759,35.3675,79.84,42,0,4.47,clear sky
303,Lompoc,US,2021-07-24 13:20:42,34.6391,-120.4579,59.38,94,90,0.0,mist
304,Szczytno,PL,2021-07-24 13:20:43,53.5626,20.9875,76.93,47,0,3.44,clear sky
305,Verkhnevilyuysk,RU,2021-07-24 13:20:43,63.4453,120.3167,67.28,61,57,7.29,broken clouds
306,Tarata,BO,2021-07-24 13:20:43,-17.6167,-66.0167,58.68,36,0,3.89,clear sky
307,Ahipara,NZ,2021-07-24 13:20:44,-35.1667,173.1667,51.55,89,16,7.7,few clouds
308,Igarapava,BR,2021-07-24 13:20:44,-20.0383,-47.7469,68.92,36,0,10.11,clear sky
309,Namatanai,PG,2021-07-24 13:20:44,-3.6667,152.4333,79.5,82,22,6.53,few clouds
310,Monterey,US,2021-07-24 13:20:11,36.2505,-121.2516,53.11,56,12,2.17,few clouds
311,Pangnirtung,CA,2021-07-24 13:20:45,66.1451,-65.7125,46.4,76,90,4.61,overcast clouds
312,Yar-Sale,RU,2021-07-24 13:20:45,66.8333,70.8333,62.6,50,100,11.05,overcast clouds
313,Singleton,AU,2021-07-24 13:20:46,-32.5667,151.1833,56.75,60,16,11.99,few clouds
314,Verkhnyaya Inta,RU,2021-07-24 13:20:46,65.9811,60.3094,56.98,77,100,12.37,overcast clouds
315,Muravlenko,RU,2021-07-24 13:20:46,63.7898,74.523,57.36,90,100,8.48,overcast clouds
316,Flinders,AU,2021-07-24 13:20:47,-34.5833,150.8552,56.48,62,100,8.95,overcast clouds
317,Novokayakent,RU,2021-07-24 13:20:47,42.3937,47.9861,80.65,67,94,2.24,overcast clouds
318,Bitung,ID,2021-07-24 13:20:47,1.4451,125.1824,83.25,80,100,16.44,overcast clouds
319,Arona,ES,2021-07-24 13:20:48,28.0996,-16.681,78.98,61,20,5.99,few clouds
320,Mount Isa,AU,2021-07-24 13:20:48,-20.7333,139.5,60.57,36,97,5.75,overcast clouds
321,Beringovskiy,RU,2021-07-24 13:20:48,63.05,179.3167,50.95,89,100,10.25,overcast clouds
322,Trairi,BR,2021-07-24 13:20:41,-3.2778,-39.2689,86.4,40,39,13.58,scattered clouds
323,Houlton,US,2021-07-24 13:20:49,46.1262,-67.8403,68.72,70,1,0.0,clear sky
324,Geraldton,AU,2021-07-24 13:20:49,-28.7667,114.6,55.81,88,40,0.0,scattered clouds
325,Praya,CV,2021-07-24 13:20:49,14.9215,-23.5087,82.94,47,20,13.8,few clouds
326,Santo Antonio Do Taua,BR,2021-07-24 13:20:50,-1.1519,-48.1294,84.15,61,89,5.26,overcast clouds
327,Bela,IN,2021-07-24 13:20:50,25.9333,81.9833,89.91,63,100,11.83,overcast clouds
328,Cairns,AU,2021-07-24 13:20:50,-16.9167,145.7667,70.07,96,95,0.0,overcast clouds
329,Greifswald,DE,2021-07-24 13:20:50,54.1,13.3833,82.11,51,31,13.09,scattered clouds
330,Semey,KZ,2021-07-24 13:20:51,50.4111,80.2275,86.22,37,0,8.95,clear sky
331,Boende,CD,2021-07-24 13:20:51,-0.2167,20.8667,91.33,33,100,2.62,overcast clouds
332,Kastamonu,TR,2021-07-24 13:20:51,41.5,33.6667,72.93,51,11,9.84,few clouds
333,Chicama,PE,2021-07-24 13:20:52,-7.8447,-79.1469,63.14,81,42,2.08,scattered clouds
334,Ambilobe,MG,2021-07-24 13:20:52,-13.2,49.05,80.44,42,75,7.2,broken clouds
335,Khakhea,BW,2021-07-24 13:20:52,-24.6895,23.494,65.16,21,0,13.02,clear sky
336,Bako,ET,2021-07-24 13:20:53,5.7833,36.5667,67.39,77,83,3.15,light rain
337,Le Port,RE,2021-07-24 13:20:53,-20.9373,55.2919,75.2,67,15,0.74,few clouds
338,Marathon,US,2021-07-24 13:20:53,44.9,-89.7668,68.72,90,40,0.0,scattered clouds
339,Cabo San Lucas,MX,2021-07-24 13:20:13,22.8909,-109.9124,83.8,70,0,8.66,clear sky
340,Cortez,US,2021-07-24 13:19:00,37.3489,-108.5859,63.68,100,1,3.44,clear sky
341,Yongchang,CN,2021-07-24 13:20:54,30.0381,119.7317,78.58,91,100,7.29,overcast clouds
342,Alta Floresta,BR,2021-07-24 13:20:54,-9.8756,-56.0861,85.82,45,0,8.05,clear sky
343,Salinopolis,BR,2021-07-24 13:20:55,-0.6136,-47.3561,82.85,71,90,10.45,overcast clouds
344,Balikpapan,ID,2021-07-24 13:20:55,-1.2675,116.8289,79.12,81,20,8.99,few clouds
345,Alice Springs,AU,2021-07-24 13:19:20,-23.7,133.8833,44.15,42,92,5.75,overcast clouds
346,Santiago,CL,2021-07-24 13:19:40,-33.4569,-70.6483,53.17,73,90,0.0,mist
347,Funadhoo,MV,2021-07-24 13:20:55,6.15,73.2667,82.54,73,100,9.31,overcast clouds
348,Kloulklubed,PW,2021-07-24 13:20:56,7.0419,134.2556,82.9,77,100,15.35,overcast clouds
349,Saint-Augustin,CA,2021-07-24 13:20:56,51.226,-58.6502,52.81,79,94,7.9,overcast clouds
350,Serenje,ZM,2021-07-24 13:20:56,-13.2325,30.2352,56.57,76,100,10.65,overcast clouds
351,Comodoro Rivadavia,AR,2021-07-24 13:20:57,-45.8667,-67.5,40.86,60,0,5.75,clear sky
352,San Cristobal,VE,2021-07-24 13:20:57,7.7669,-72.225,73.58,77,100,4.09,overcast clouds
353,Kitaibaraki,JP,2021-07-24 13:20:57,36.7833,140.75,78.35,79,0,2.08,clear sky
354,Buala,SB,2021-07-24 13:20:58,-8.145,159.5921,80.28,80,64,4.43,broken clouds
355,Asfi,MA,2021-07-24 13:20:58,32.2994,-9.2372,81.25,53,47,22.5,scattered clouds
356,Salima,MW,2021-07-24 13:20:58,-13.7804,34.4587,74.61,42,29,12.1,scattered clouds
357,North Myrtle Beach,US,2021-07-24 13:20:58,33.816,-78.68,82.02,74,1,1.99,clear sky
358,Zhoukou,CN,2021-07-24 13:20:59,33.6333,114.6333,79.57,80,17,6.11,few clouds
359,Vardo,NO,2021-07-24 13:20:59,70.3705,31.1107,53.8,79,94,27.72,overcast clouds
360,Awjilah,LY,2021-07-24 13:20:59,29.1081,21.2869,95.32,22,0,12.19,clear sky
361,Imbituba,BR,2021-07-24 13:21:00,-28.24,-48.6703,66.09,58,0,7.65,clear sky
362,Kiama,AU,2021-07-24 13:16:17,-34.6833,150.8667,56.68,63,100,1.99,overcast clouds
363,Nosy Varika,MG,2021-07-24 13:21:00,-20.5833,48.5333,65.39,95,95,11.95,moderate rain
364,Chingirlau,KZ,2021-07-24 13:21:00,51.095,54.0814,84.31,26,35,8.9,scattered clouds
365,Kaohsiung,TW,2021-07-24 13:21:01,22.6163,120.3133,84.15,90,75,5.01,broken clouds
366,Qaqortoq,GL,2021-07-24 13:21:01,60.7167,-46.0333,46.9,92,100,4.52,overcast clouds
367,Naze,JP,2021-07-24 13:21:01,28.3667,129.4833,78.4,90,100,23.89,light rain
368,Shellbrook,CA,2021-07-24 13:21:02,53.2168,-106.4011,61.83,51,88,12.77,overcast clouds
369,Burglengenfeld,DE,2021-07-24 13:21:02,49.2056,12.0414,79.32,44,20,0.0,light rain
370,Thinadhoo,MV,2021-07-24 13:21:02,0.5333,72.9333,83.07,72,99,4.27,overcast clouds
371,Opuwo,NA,2021-07-24 13:21:03,-18.0607,13.84,77.31,8,0,15.3,clear sky
372,Chara,RU,2021-07-24 13:21:03,56.9064,118.2631,58.14,92,100,1.32,moderate rain
373,Natal,BR,2021-07-24 13:21:03,-5.795,-35.2094,84.42,54,20,19.57,few clouds
374,Arandis,NA,2021-07-24 13:21:04,-22.4167,14.9667,84.69,4,0,10.54,clear sky
375,Benoy,TD,2021-07-24 13:21:04,8.9833,16.3199,85.71,58,16,4.63,light rain
376,Inongo,CD,2021-07-24 13:21:05,-1.95,18.2667,76.15,52,43,2.33,scattered clouds
377,Touros,BR,2021-07-24 13:21:05,-5.1989,-35.4608,83.3,56,5,18.61,clear sky
378,Biak,ID,2021-07-24 13:21:05,-0.9131,122.8766,75.72,75,100,5.68,overcast clouds
379,Gamba,GA,2021-07-24 13:21:06,-2.65,10.0,76.71,65,17,10.76,few clouds
380,Lodja,CD,2021-07-24 13:21:06,-3.4833,23.4333,96.69,18,11,6.31,few clouds
381,Jalu,LY,2021-07-24 13:21:06,29.0331,21.5482,95.56,22,0,12.19,clear sky
382,Nur,PL,2021-07-24 13:21:07,52.6683,22.3221,81.79,48,65,3.27,broken clouds
383,Balashov,RU,2021-07-24 13:21:07,51.5502,43.1667,73.26,45,88,9.95,overcast clouds
384,Abha,SA,2021-07-24 13:21:07,18.2164,42.5053,82.22,30,75,11.5,broken clouds
385,Port Blair,IN,2021-07-24 13:20:29,11.6667,92.75,82.47,84,100,18.61,heavy intensity rain
386,Bowen,AU,2021-07-24 13:21:08,-20.0167,148.2333,67.12,74,6,7.61,clear sky
387,Colares,PT,2021-07-24 13:21:08,38.7992,-9.4469,78.33,56,20,18.41,few clouds
388,Scarborough,GB,2021-07-24 13:16:12,54.2797,-0.4044,66.92,69,100,3.0,overcast clouds
389,Zhigansk,RU,2021-07-24 13:21:09,66.7697,123.3711,59.56,70,7,12.66,clear sky
390,Colesberg,ZA,2021-07-24 13:21:09,-30.72,25.0972,54.18,13,0,13.94,clear sky
391,Tsagan Aman,RU,2021-07-24 13:21:09,47.5639,46.7218,87.4,23,2,9.71,clear sky
392,Pevek,RU,2021-07-24 13:21:10,69.7008,170.3133,36.73,94,73,4.45,broken clouds
393,Kaptanganj,IN,2021-07-24 13:21:10,26.9267,83.7153,87.96,69,1,11.95,clear sky
394,Yeppoon,AU,2021-07-24 13:21:10,-23.1333,150.7333,62.38,49,0,7.61,clear sky
395,Bonavista,CA,2021-07-24 13:21:11,48.6499,-53.1147,63.12,81,62,5.97,broken clouds
396,Massaguet,TD,2021-07-24 13:21:11,12.4755,15.4365,78.84,46,95,9.17,overcast clouds
397,Wahiawa,US,2021-07-24 13:20:01,21.5028,-158.0236,75.52,82,90,0.0,overcast clouds
398,Noumea,NC,2021-07-24 13:21:11,-22.2763,166.4572,72.0,99,4,3.96,clear sky
399,Mao,ES,2021-07-24 13:21:12,39.8885,4.2658,88.36,55,0,12.66,clear sky
400,Norton,ZW,2021-07-24 13:21:12,-17.8833,30.7,68.94,30,18,10.25,few clouds
401,Tabuny,RU,2021-07-24 13:21:12,52.7773,78.7896,83.77,41,33,8.75,scattered clouds
402,North Bend,US,2021-07-24 13:21:13,43.4065,-124.2243,54.91,94,90,5.75,mist
403,Ha Tinh,VN,2021-07-24 13:21:13,18.3333,105.9,78.49,91,100,5.97,light rain
404,Necochea,AR,2021-07-24 13:21:13,-38.5473,-58.7368,50.04,63,96,13.27,overcast clouds
405,Namibe,AO,2021-07-24 13:21:14,-15.1961,12.1522,73.87,57,0,9.64,clear sky
406,Sorong,ID,2021-07-24 13:21:14,-0.8833,131.25,78.48,85,100,15.86,overcast clouds
407,Izumo,JP,2021-07-24 13:21:14,35.3667,132.7667,80.55,87,77,5.26,broken clouds
408,Roswell,US,2021-07-24 13:21:14,34.0232,-84.3616,78.96,91,20,0.0,mist
409,Buraydah,SA,2021-07-24 13:21:15,26.326,43.975,111.65,8,2,2.77,clear sky
410,Kawalu,ID,2021-07-24 13:21:15,-7.3817,108.2082,71.69,92,54,2.04,broken clouds
411,Lasa,IT,2021-07-24 13:21:16,46.6166,10.7002,81.34,67,93,6.22,overcast clouds
412,Richards Bay,ZA,2021-07-24 13:21:16,-28.783,32.0377,62.74,57,6,11.79,clear sky
413,Wajir,KE,2021-07-24 13:21:16,1.7471,40.0573,87.06,29,98,27.09,overcast clouds
414,Mardin,TR,2021-07-24 13:21:16,37.3131,40.7436,92.46,15,0,11.5,clear sky
415,High Level,CA,2021-07-24 13:21:17,58.5169,-117.136,60.91,77,90,2.3,moderate rain
416,Diamantino,BR,2021-07-24 13:19:30,-14.4086,-56.4461,83.48,32,7,10.56,clear sky
417,Atar,MR,2021-07-24 13:16:25,20.5169,-13.0499,101.5,17,7,7.25,clear sky
418,Kampong Thum,KH,2021-07-24 13:21:17,12.7111,104.8887,76.05,89,100,7.4,overcast clouds
419,Bulaevo,KZ,2021-07-24 13:21:18,54.9056,70.4439,76.82,49,100,2.42,overcast clouds
420,Kamina,CD,2021-07-24 13:21:18,-8.7386,24.9906,86.25,21,0,9.55,clear sky
421,Matay,EG,2021-07-24 13:21:18,28.419,30.7792,98.01,17,0,12.44,clear sky
422,Shizunai,JP,2021-07-24 13:21:18,42.3339,142.3669,69.73,97,23,6.06,few clouds
423,Moree,AU,2021-07-24 13:21:19,-29.4667,149.85,48.22,87,90,9.22,overcast clouds
424,Kishi,NG,2021-07-24 13:21:19,9.0833,3.85,75.38,83,100,2.19,light rain
425,Itaquyry,PY,2021-07-24 13:21:19,-24.9333,-55.2167,70.02,34,0,8.16,clear sky
426,Shimoda,JP,2021-07-24 13:21:20,34.6667,138.95,76.1,82,1,5.19,clear sky
427,Tahoua,NE,2021-07-24 13:21:20,14.8888,5.2692,89.4,48,17,14.05,few clouds
428,Krasnoselkup,RU,2021-07-24 13:21:20,65.7,82.4667,69.6,70,100,5.21,light rain
429,Lanzhou,CN,2021-07-24 13:21:21,36.0564,103.7922,88.88,47,52,7.76,broken clouds
430,Katsuura,JP,2021-07-24 13:21:21,35.1333,140.3,83.1,82,0,6.24,clear sky
431,Marshfield,US,2021-07-24 13:21:21,44.6689,-90.1718,68.4,94,90,3.44,mist
432,Laurel,US,2021-07-24 13:18:19,39.0993,-76.8483,78.94,68,75,1.01,broken clouds
433,Lavrentiya,RU,2021-07-24 13:21:22,65.5833,-171.0,48.45,85,100,6.69,overcast clouds
434,Ketchikan,US,2021-07-24 13:21:22,55.3422,-131.6461,54.07,100,90,5.75,light rain
435,Fairbanks,US,2021-07-24 13:18:52,64.8378,-147.7164,61.61,95,90,0.0,moderate rain
436,Cayenne,GF,2021-07-24 13:21:22,4.9333,-52.3333,80.64,90,75,3.44,broken clouds
437,Kushmurun,KZ,2021-07-24 13:21:23,52.4503,64.6311,81.48,48,100,7.85,overcast clouds
438,Ayame,CI,2021-07-24 13:21:23,5.6083,-3.1563,84.22,51,77,7.58,broken clouds
439,Saurimo,AO,2021-07-24 13:21:23,-9.6608,20.3916,88.12,27,0,6.91,clear sky
440,Ocampo,MX,2021-07-24 13:21:24,21.65,-101.5,54.45,88,0,3.31,clear sky
441,Taltal,CL,2021-07-24 13:20:20,-25.4,-70.4833,55.49,78,86,3.22,overcast clouds
442,Teguldet,RU,2021-07-24 13:21:24,57.3064,88.1667,77.38,58,61,4.59,broken clouds
443,Tabou,CI,2021-07-24 13:21:24,4.423,-7.3528,79.25,66,100,8.16,overcast clouds
444,Micheweni,TZ,2021-07-24 13:21:25,-4.9667,39.8333,79.34,67,2,21.0,clear sky
445,Santa Maria,BR,2021-07-24 13:21:25,-29.6842,-53.8069,70.9,49,0,3.44,clear sky
446,Nemuro,JP,2021-07-24 13:21:25,43.3236,145.575,62.29,96,37,10.33,scattered clouds
447,Melville,US,2021-07-24 13:21:26,40.7934,-73.4151,77.7,64,1,1.01,clear sky
448,Perth,AU,2021-07-24 13:18:25,-31.9333,115.8333,59.05,84,40,6.91,scattered clouds
449,Bodden Town,KY,2021-07-24 13:21:26,19.2833,-81.25,84.97,80,20,5.99,few clouds
450,Lazaro Cardenas,MX,2021-07-24 13:20:11,17.9583,-102.2,77.76,86,95,3.78,overcast clouds
451,Ukiah,US,2021-07-24 13:19:58,39.1502,-123.2078,72.01,65,1,0.0,clear sky
452,Carutapera,BR,2021-07-24 13:21:27,-1.195,-46.02,83.84,68,97,6.51,overcast clouds
453,College,US,2021-07-24 13:19:15,64.8569,-147.8028,61.59,95,90,0.0,moderate rain
454,Yarada,IN,2021-07-24 13:21:27,17.65,83.2667,86.32,74,75,8.05,mist
455,Saint Paul,US,2021-07-24 13:16:45,44.9444,-93.0933,76.87,84,90,1.01,overcast clouds
456,Ardakan,IR,2021-07-24 13:21:27,32.31,54.0175,111.58,7,0,23.02,clear sky
457,Wilmington,US,2021-07-24 13:21:24,34.2257,-77.9447,80.98,75,1,4.61,clear sky
458,Stryn,NO,2021-07-24 13:21:28,61.9045,6.7226,80.1,45,20,3.56,few clouds
459,Praia Da Vitoria,PT,2021-07-24 13:21:28,38.7333,-27.0667,75.45,83,40,13.98,scattered clouds
460,Brattleboro,US,2021-07-24 13:21:28,42.8509,-72.5579,74.88,85,0,3.31,clear sky
461,Accra,GH,2021-07-24 13:20:16,5.556,-0.1969,80.94,61,69,14.67,broken clouds
462,Manggar,ID,2021-07-24 13:21:29,-2.8833,108.2667,82.11,78,8,13.31,clear sky
463,Shumskiy,RU,2021-07-24 13:21:29,54.8318,99.1328,66.83,66,55,3.44,broken clouds
464,Hervey Bay,AU,2021-07-24 13:21:29,-25.2986,152.8535,56.03,56,0,9.84,clear sky
465,Tiznit,MA,2021-07-24 13:18:10,29.5833,-9.5,102.87,14,100,4.52,overcast clouds
466,General Roca,AR,2021-07-24 13:21:30,-39.0333,-67.5833,39.6,46,100,7.87,overcast clouds
467,Roald,NO,2021-07-24 13:21:30,62.5833,6.1333,80.11,88,75,6.91,fog
468,Springville,US,2021-07-24 13:21:30,40.1652,-111.6107,73.9,54,40,0.0,scattered clouds
469,Aquiraz,BR,2021-07-24 13:21:31,-3.9014,-38.3911,86.22,48,11,14.27,few clouds
470,Tromso,NO,2021-07-24 13:21:31,69.6496,18.957,57.85,87,75,19.57,broken clouds
471,Bismarck,US,2021-07-24 13:21:31,46.8083,-100.7837,68.81,72,1,6.91,clear sky
472,Mount Pleasant,US,2021-07-24 13:21:32,32.7941,-79.8626,82.99,82,1,1.01,clear sky
473,Ust-Nera,RU,2021-07-24 13:21:32,64.5667,143.2,60.26,95,100,5.06,light rain
474,Nagar Karnul,IN,2021-07-24 13:21:32,16.4821,78.3247,79.92,76,100,12.55,overcast clouds
475,Lusambo,CD,2021-07-24 13:21:33,-4.9667,23.45,97.27,17,3,5.53,clear sky
476,Rocha,UY,2021-07-24 13:21:33,-34.4833,-54.3333,60.08,82,100,5.99,overcast clouds
477,Axams,AT,2021-07-24 13:21:33,47.2081,11.2869,80.04,42,20,11.5,few clouds
478,Najran,SA,2021-07-24 13:21:34,17.4924,44.1277,93.85,24,26,18.81,scattered clouds
479,Viedma,AR,2021-07-24 13:20:28,-40.8135,-62.9967,45.36,58,100,5.19,overcast clouds
480,Buchanan,LR,2021-07-24 13:21:34,5.8808,-10.0467,84.16,71,100,11.56,overcast clouds
481,Upington,ZA,2021-07-24 13:21:34,-28.4478,21.2561,68.38,8,0,5.75,clear sky
482,Atasu,KZ,2021-07-24 13:21:35,48.6814,71.6433,94.91,15,0,4.79,clear sky
483,Mulchen,CL,2021-07-24 13:21:35,-37.7167,-72.2333,42.66,88,100,2.73,overcast clouds
484,Mecca,SA,2021-07-24 13:21:35,21.4267,39.8261,101.64,17,25,17.94,scattered clouds
485,Sopot,PL,2021-07-24 13:21:36,54.4418,18.56,78.89,82,20,12.66,few clouds
486,Lieksa,FI,2021-07-24 13:21:36,63.3167,30.0167,62.89,46,100,3.47,overcast clouds
487,Valley City,US,2021-07-24 13:19:29,46.9233,-98.0032,70.79,83,1,4.61,clear sky
488,Bolobo,CD,2021-07-24 13:21:36,-2.1667,16.2333,94.14,26,8,2.73,clear sky
489,Tanout,NE,2021-07-24 13:21:37,14.9709,8.8879,91.17,41,81,13.96,broken clouds
490,Jakar,BT,2021-07-24 13:21:37,27.5492,90.7525,63.12,95,94,2.82,overcast clouds
491,Taitung,TW,2021-07-24 13:21:37,22.7583,121.1444,83.39,80,92,4.25,overcast clouds
492,Kon Tum,VN,2021-07-24 13:21:37,14.35,108.0,70.84,92,100,7.14,overcast clouds
493,Novikovo,RU,2021-07-24 13:21:38,51.1537,37.8879,74.61,48,94,7.85,light rain
494,Mvuma,ZW,2021-07-24 13:21:38,-19.2792,30.5283,62.01,35,0,12.71,clear sky
495,Bow Island,CA,2021-07-24 13:21:38,49.8668,-111.3684,53.78,84,0,2.3,clear sky
496,Kilosa,TZ,2021-07-24 13:21:39,-6.8333,36.9833,79.56,40,96,13.0,overcast clouds
497,Belaya Gora,RU,2021-07-24 13:21:39,68.5333,146.4167,51.71,59,12,13.53,few clouds
498,Esmeraldas,BR,2021-07-24 13:21:39,-19.7625,-44.3139,68.11,48,0,8.57,clear sky
499,Juliaca,PE,2021-07-24 13:21:39,-15.5,-70.1333,35.58,60,0,3.44,clear sky
500,Huancavelica,PE,2021-07-24 13:21:40,-12.7667,-74.9833,38.71,66,5,1.77,clear sky
501,Veraval,IN,2021-07-24 13:21:40,20.9,70.3667,82.9,84,100,16.51,overcast clouds
502,Charters Towers,AU,2021-07-24 13:21:40,-20.1,146.2667,63.81,43,99,11.23,overcast clouds
503,Hualmay,PE,2021-07-24 13:21:41,-11.0964,-77.6139,63.1,81,47,7.0,scattered clouds
504,Koshurnikovo,RU,2021-07-24 13:21:41,54.1667,93.3,67.37,81,100,1.32,overcast clouds
505,Ballymena,GB,2021-07-24 13:21:41,54.8636,-6.2763,76.42,61,71,5.53,broken clouds
506,Saint-Pierre,RE,2021-07-24 13:21:42,-21.3393,55.4781,74.88,63,20,14.97,few clouds
507,Moose Factory,CA,2021-07-24 13:21:42,51.2585,-80.6094,64.4,88,90,16.11,overcast clouds
508,Semnan,IR,2021-07-24 13:21:42,35.5729,53.3971,103.08,11,6,8.75,clear sky
509,Evensk,RU,2021-07-24 13:21:43,61.95,159.2333,50.2,97,100,1.83,overcast clouds
510,Clyde River,CA,2021-07-24 13:21:43,70.4692,-68.5914,34.03,93,90,9.22,overcast clouds
511,Nuristan,AF,2021-07-24 13:21:43,35.3,70.8333,62.04,53,50,4.9,scattered clouds
512,Petropavlovsk-Kamchatskiy,RU,2021-07-24 13:21:44,53.0452,158.6483,57.79,94,75,0.0,broken clouds
513,Bandarbeyla,SO,2021-07-24 13:21:44,9.4942,50.8122,85.82,53,83,29.75,broken clouds
514,Puke,AL,2021-07-24 13:21:44,42.0444,19.8997,82.49,28,19,1.43,few clouds
515,Kachiry,KZ,2021-07-24 13:21:44,53.0675,76.1036,86.32,34,5,7.56,clear sky
516,Gairatganj,IN,2021-07-24 13:21:45,23.4202,78.2385,74.39,97,100,9.48,moderate rain
517,Gubbi,IN,2021-07-24 13:21:45,13.3106,76.9444,77.41,70,21,15.12,few clouds
518,Kargopol,RU,2021-07-24 13:21:46,61.5071,38.9456,62.85,35,100,9.35,overcast clouds
519,Erdenet,MN,2021-07-24 13:21:46,49.0333,104.0833,59.81,83,100,2.06,overcast clouds
520,Temir,KZ,2021-07-24 13:21:46,49.1414,57.13,82.22,41,38,12.01,scattered clouds
521,Zurrieq,MT,2021-07-24 13:21:47,35.8311,14.4742,92.71,29,0,10.36,clear sky
522,Sechura,PE,2021-07-24 13:21:47,-5.5569,-80.8222,64.89,79,19,8.37,few clouds
523,Abbeville,FR,2021-07-24 13:21:47,50.1,1.8333,78.49,61,100,6.15,overcast clouds
524,Soller,ES,2021-07-24 13:17:28,39.7662,2.7152,100.04,37,26,4.0,scattered clouds
525,Bay Roberts,CA,2021-07-24 13:21:48,47.5999,-53.2648,66.06,72,6,7.0,clear sky
526,Karpogory,RU,2021-07-24 13:21:48,64.0019,44.4451,48.58,85,100,10.27,overcast clouds
527,Redmond,US,2021-07-24 13:17:26,47.674,-122.1215,62.53,88,35,1.01,scattered clouds
528,Marquette,US,2021-07-24 13:21:48,46.5333,-87.6335,69.24,96,100,9.78,light rain
529,Pimentel,PE,2021-07-24 13:21:08,-6.8367,-79.9342,66.0,83,90,3.0,mist
530,Skegness,GB,2021-07-24 13:21:49,53.1436,0.3363,71.22,79,100,16.22,overcast clouds
531,Poso,ID,2021-07-24 13:21:49,-1.3959,120.7524,77.5,87,47,3.85,scattered clouds
532,Williston,US,2021-07-24 13:16:51,48.147,-103.618,64.92,34,0,5.68,clear sky
533,Sonoita,MX,2021-07-24 13:21:49,31.85,-112.8333,78.53,61,99,5.26,overcast clouds
534,Beloha,MG,2021-07-24 13:21:50,-25.1667,45.05,64.96,58,79,12.37,broken clouds
535,Berbera,SO,2021-07-24 13:21:50,10.4396,45.0143,91.26,41,59,32.32,light rain
536,Sarrebourg,FR,2021-07-24 13:21:50,48.7333,7.05,81.21,72,46,10.47,scattered clouds
537,Riyadh,SA,2021-07-24 13:17:34,24.6877,46.7219,111.34,8,5,15.9,clear sky
538,Kuntaur,GM,2021-07-24 13:21:51,13.6667,-14.8833,90.14,45,90,7.47,overcast clouds
539,Cossato,IT,2021-07-24 13:21:51,45.5739,8.1817,91.76,51,81,2.51,very heavy rain
540,Cuyo,PH,2021-07-24 13:21:51,10.8525,121.0086,83.32,78,100,19.22,light rain
541,Decatur,US,2021-07-24 13:21:52,39.8403,-88.9548,78.66,88,1,10.36,mist
542,Ucluelet,CA,2021-07-24 13:21:52,48.9329,-125.5528,59.09,92,25,5.64,scattered clouds
543,Mangrol,IN,2021-07-24 13:21:52,21.1167,70.1167,82.87,84,100,16.73,overcast clouds
544,Sungai Padi,TH,2021-07-24 13:21:53,6.0851,101.8766,83.98,91,88,0.96,overcast clouds
545,Davila,PH,2021-07-24 13:21:53,18.4726,120.5763,81.91,88,100,27.54,very heavy rain
546,Meulaboh,ID,2021-07-24 13:21:53,4.1363,96.1285,80.49,79,100,2.93,light rain
547,Faanui,PF,2021-07-24 13:21:53,-16.4833,-151.75,77.86,69,21,14.72,few clouds
548,Hovd,MN,2021-07-24 13:21:54,48.0056,91.6419,76.44,29,90,16.42,overcast clouds
549,Mundo Nuevo,MX,2021-07-24 13:21:54,18.7,-95.5,77.5,81,98,2.13,overcast clouds
550,Binzhou,CN,2021-07-24 13:21:54,37.3667,118.0167,83.12,62,0,11.61,light rain
551,Rawson,AR,2021-07-24 13:21:55,-43.3002,-65.1023,44.17,41,100,10.67,overcast clouds
552,Kiunga,PG,2021-07-24 13:21:55,-6.1219,141.2906,72.57,100,100,0.36,moderate rain
553,Dori,BF,2021-07-24 13:21:55,14.0354,-0.0345,85.03,55,100,11.18,overcast clouds
554,Amboasary,MG,2021-07-24 13:21:56,-25.0333,46.3833,69.64,49,90,10.76,overcast clouds
555,Abu Samrah,SY,2021-07-24 13:21:56,35.3029,37.1841,97.03,24,0,13.38,clear sky
556,Westport,US,2021-07-24 13:21:56,41.1415,-73.3579,77.92,69,1,4.0,clear sky
557,Abu Dhabi,AE,2021-07-24 13:19:49,24.4667,54.3667,109.51,54,97,11.01,overcast clouds
558,Vaxjo,SE,2021-07-24 13:21:57,56.8777,14.8091,75.25,60,18,6.91,few clouds
559,Nunoa,PE,2021-07-24 13:21:57,-14.48,-70.6411,43.43,35,0,2.06,clear sky
560,Arraias,BR,2021-07-24 13:21:57,-12.9288,-46.9437,74.53,39,53,10.36,broken clouds
561,Pacific Grove,US,2021-07-24 13:19:13,36.6177,-121.9166,57.31,92,90,1.01,overcast clouds
562,Pangody,RU,2021-07-24 13:21:58,65.85,74.4859,59.29,79,100,5.46,light rain
563,The Valley,AI,2021-07-24 13:21:58,18.217,-63.0578,82.26,89,20,18.41,few clouds
564,Pekin,CN,2021-07-24 13:19:32,39.9075,116.3972,86.77,69,8,6.02,light rain
565,Grand-Lahou,CI,2021-07-24 13:21:59,5.1367,-5.0242,80.13,63,97,8.66,overcast clouds
566,Chkalovsk,RU,2021-07-24 13:21:59,56.7647,43.2433,62.19,56,100,6.78,overcast clouds
567,Khani,GE,2021-07-24 13:21:59,41.9563,42.9566,74.77,61,36,6.33,scattered clouds
568,Dalhousie,IN,2021-07-24 13:21:59,32.5333,75.9833,69.1,79,93,2.01,overcast clouds
569,San Borja,BO,2021-07-24 13:22:00,-14.8167,-66.85,75.9,56,0,3.06,clear sky
570,Mizan Teferi,ET,2021-07-24 13:22:00,6.9833,35.5833,64.15,97,99,2.08,light rain
571,Zhezkazgan,KZ,2021-07-24 13:22:00,47.8043,67.7144,98.44,13,42,7.9,scattered clouds
572,Cambridge,CA,2021-07-24 13:21:55,43.3601,-80.3127,71.22,82,75,1.01,broken clouds
573,Samarai,PG,2021-07-24 13:22:01,-10.6167,150.6667,79.59,88,97,12.06,overcast clouds
574,Banda Aceh,ID,2021-07-24 13:22:01,5.5577,95.3222,82.0,79,99,13.47,overcast clouds
575,Cabedelo,BR,2021-07-24 13:22:01,-6.9811,-34.8339,83.07,65,1,17.92,clear sky
576,Baykit,RU,2021-07-24 13:22:02,61.67,96.37,76.87,54,100,2.77,overcast clouds
577,Verkhoyansk,RU,2021-07-24 13:22:02,67.5447,133.385,68.49,53,100,6.08,overcast clouds
578,Garden City,US,2021-07-24 13:20:51,42.3256,-83.331,73.81,90,90,10.36,mist
579,Mayo,US,2021-07-24 13:22:03,38.8876,-76.5119,80.55,69,40,1.01,scattered clouds
580,Hua Hin,TH,2021-07-24 13:22:03,12.5707,99.9588,84.0,66,100,14.36,light rain
581,Cascais,PT,2021-07-24 13:22:03,38.6979,-9.4215,78.51,57,20,8.01,few clouds
582,Severo-Kurilsk,RU,2021-07-24 13:22:04,50.6789,156.125,54.12,96,81,3.74,broken clouds
583,Phalodi,IN,2021-07-24 13:22:04,27.1333,72.3667,99.81,35,30,5.14,scattered clouds
584,Tumaco,CO,2021-07-24 13:22:05,1.7986,-78.8156,77.72,79,94,11.9,overcast clouds
585,Hays,US,2021-07-24 13:22:05,30.0502,-98.0336,78.13,89,26,1.99,scattered clouds
586,Seydi,TM,2021-07-24 13:22:05,39.4816,62.9137,108.03,5,0,15.39,clear sky
587,Puerto Colombia,CO,2021-07-24 13:22:05,10.9878,-74.9547,80.69,87,100,11.05,overcast clouds
588,Saryg-Sep,RU,2021-07-24 13:22:06,51.5,95.6,61.97,96,100,1.68,overcast clouds
589,Sao Filipe,CV,2021-07-24 13:22:06,14.8961,-24.4956,74.12,74,68,8.46,broken clouds
590,Olafsvik,IS,2021-07-24 13:22:06,64.8945,-23.7142,51.87,94,100,10.8,overcast clouds
591,Campbell River,CA,2021-07-24 13:22:07,50.0163,-125.2446,62.6,91,75,3.44,broken clouds
592,Svetlogorsk,BY,2021-07-24 13:22:07,52.6333,29.7333,77.7,46,54,5.37,moderate rain
593,Erdemli,TR,2021-07-24 13:22:07,36.605,34.3084,87.26,60,1,11.32,clear sky
594,Tilichiki,RU,2021-07-24 13:22:08,60.4667,166.1,48.67,97,100,3.85,overcast clouds
595,Kaka,TM,2021-07-24 13:22:08,37.3482,59.6143,108.19,7,0,12.44,clear sky
596,Kupang,ID,2021-07-24 13:22:08,-10.1667,123.5833,72.34,79,21,7.78,few clouds
597,Dunedin,NZ,2021-07-24 13:22:09,-45.8742,170.5036,45.81,78,33,14.0,scattered clouds
598,Udachnyy,RU,2021-07-24 13:22:09,66.4167,112.4,65.35,49,68,5.77,broken clouds
599,Aksu,CN,2021-07-24 13:22:09,41.1231,80.2644,94.96,21,0,4.88,clear sky
600,Morehead,US,2021-07-24 13:22:10,37.2711,-87.1764,75.99,90,1,0.0,clear sky
601,San Quintin,MX,2021-07-24 13:22:10,30.4833,-115.95,67.08,91,100,6.06,overcast clouds
602,Pochutla,MX,2021-07-24 13:22:10,15.7432,-96.4661,77.83,65,100,4.23,overcast clouds
603,Swiebodzice,PL,2021-07-24 13:22:11,50.8598,16.3282,82.94,46,15,5.79,few clouds
604,Puerto Maldonado,PE,2021-07-24 13:22:11,-12.6,-69.1833,74.43,53,0,2.39,clear sky
605,Pozo Colorado,PY,2021-07-24 13:22:11,-23.4923,-58.7972,79.83,33,0,9.84,clear sky
606,Sarh,TD,2021-07-24 13:22:11,9.1429,18.3923,87.71,58,40,9.22,scattered clouds
607,Mnogovershinnyy,RU,2021-07-24 13:22:12,53.9353,139.9242,69.19,90,100,4.56,light rain
608,Bethanien,NA,2021-07-24 13:22:12,-26.502,17.1583,67.78,9,0,19.19,clear sky
609,Khash,IR,2021-07-24 13:22:12,28.2211,61.2158,97.9,11,36,2.42,scattered clouds
610,Ilhabela,BR,2021-07-24 13:22:13,-23.7781,-45.3581,71.65,48,0,0.49,clear sky
611,Porto Novo,BJ,2021-07-24 13:22:13,6.4965,2.6036,84.02,60,83,12.3,broken clouds
612,Thabazimbi,ZA,2021-07-24 13:22:13,-24.5917,27.4116,65.8,17,0,3.49,clear sky
613,Kenora,CA,2021-07-24 13:22:14,49.8167,-94.4337,68.97,56,20,8.05,smoke
614,Suntar,RU,2021-07-24 13:22:14,62.1444,117.6319,70.47,53,100,4.18,overcast clouds
615,Lima,PE,2021-07-24 13:19:23,-12.0432,-77.0282,61.05,77,90,6.91,overcast clouds
616,Honningsvag,NO,2021-07-24 13:22:14,70.9821,25.9704,45.75,88,100,25.08,overcast clouds
617,Posse,BR,2021-07-24 13:22:15,-14.0931,-46.3694,71.35,42,98,11.12,overcast clouds
618,Aasiaat,GL,2021-07-24 13:22:15,68.7098,-52.8699,37.94,96,62,11.14,broken clouds
619,Ames,US,2021-07-24 13:22:15,42.0347,-93.6199,79.11,83,75,6.91,broken clouds
620,Novyy Urengoy,RU,2021-07-24 13:22:16,66.0833,76.6333,57.7,86,100,7.29,light rain
621,Anadyr,RU,2021-07-24 13:22:16,64.75,177.4833,57.7,93,90,5.99,light intensity shower rain
622,Shu,KZ,2021-07-24 13:22:16,43.5983,73.7614,100.4,12,0,13.13,clear sky
623,Jizan,SA,2021-07-24 13:22:17,17.3333,42.6667,94.14,51,100,7.56,overcast clouds
624,Nuevitas,CU,2021-07-24 13:22:17,21.5453,-77.2644,81.84,83,10,7.87,clear sky
625,Mugur-Aksy,RU,2021-07-24 13:22:17,50.35,90.5,59.25,75,100,6.31,overcast clouds
626,Klyuchi,RU,2021-07-24 13:22:17,52.2667,79.1667,84.92,39,41,6.29,scattered clouds
627,Turayf,SA,2021-07-24 13:22:14,31.6725,38.6637,93.45,27,0,9.22,clear sky
628,Port Keats,AU,2021-07-24 13:22:18,-14.25,129.55,74.5,42,100,3.2,overcast clouds
629,Anahuac,MX,2021-07-24 13:22:18,27.2333,-100.15,76.5,76,0,11.5,clear sky
630,Lexington,US,2021-07-24 13:20:10,37.9887,-84.4777,71.94,80,1,3.44,clear sky
631,Mirnyy,RU,2021-07-24 13:22:19,62.5353,113.9611,64.47,63,93,5.44,overcast clouds
632,Chiredzi,ZW,2021-07-24 13:22:19,-21.05,31.6667,69.71,29,5,10.49,clear sky
633,Harper,LR,2021-07-24 13:22:19,4.375,-7.7169,79.18,65,100,8.63,overcast clouds
634,Tsaratanana,MG,2021-07-24 13:22:20,-16.7833,47.65,77.83,31,2,12.5,clear sky
635,Kut Chap,TH,2021-07-24 13:22:20,17.4257,102.5669,78.48,99,100,7.47,overcast clouds
636,Calvinia,ZA,2021-07-24 13:22:20,-31.4707,19.776,57.07,18,10,12.88,clear sky
637,Mae Sai,TH,2021-07-24 13:22:21,20.4335,99.8762,81.72,96,100,1.88,overcast clouds
638,Barra Patuca,HN,2021-07-24 13:18:15,15.8,-84.2833,80.08,80,100,5.26,overcast clouds
639,Belyy Gorodok,RU,2021-07-24 13:22:21,56.965,37.5125,63.54,50,100,7.23,overcast clouds
640,Januaria,BR,2021-07-24 13:22:21,-15.4833,-44.3667,72.73,45,6,9.48,clear sky
641,Shalakusha,RU,2021-07-24 13:22:22,62.2247,40.2539,60.57,42,100,8.25,overcast clouds
642,Zheleznodorozhnyy,RU,2021-07-24 13:22:22,55.7503,38.0042,71.15,43,100,7.81,overcast clouds
643,Yangjiang,CN,2021-07-24 13:22:22,21.85,111.9667,82.63,86,20,6.42,few clouds
644,Egvekinot,RU,2021-07-24 13:22:22,66.3167,-179.1667,44.56,98,100,3.65,overcast clouds
645,Negombo,LK,2021-07-24 13:22:23,7.2083,79.8358,80.46,83,98,14.05,overcast clouds
646,Velasco Ibarra,EC,2021-07-24 13:22:23,-1.05,-79.6167,69.8,93,100,5.39,overcast clouds
647,San Policarpo,PH,2021-07-24 13:22:24,12.1791,125.5072,84.07,65,5,14.09,clear sky
648,Vagur,FO,2021-07-24 13:22:24,61.4732,-6.8119,51.1,96,25,14.09,scattered clouds
649,Datong,CN,2021-07-24 13:20:24,40.0936,113.2914,79.9,52,99,6.93,overcast clouds
650,Hit,IQ,2021-07-24 13:18:22,33.6416,42.8251,110.97,13,0,7.9,clear sky
651,Llanes,ES,2021-07-24 13:22:24,43.4198,-4.7549,82.87,65,47,5.17,scattered clouds
652,Kirakira,SB,2021-07-24 13:22:25,-10.4544,161.9205,79.45,86,49,6.98,scattered clouds
653,Beyneu,KZ,2021-07-24 13:22:25,45.3167,55.2,96.42,25,2,9.55,clear sky
654,Alofi,NU,2021-07-24 13:20:10,-19.0595,-169.9187,75.09,100,86,3.44,light rain
655,Ayagoz,KZ,2021-07-24 13:22:25,47.9714,80.4392,85.42,24,0,13.22,clear sky
656,Boa Vista,BR,2021-07-24 13:22:25,2.8197,-60.6733,80.58,78,90,3.44,overcast clouds
657,Maragogi,BR,2021-07-24 13:22:26,-9.0122,-35.2225,78.76,68,41,14.65,scattered clouds
658,Maniitsoq,GL,2021-07-24 13:22:26,65.4167,-52.9,39.0,78,45,15.5,scattered clouds
659,Mackay,AU,2021-07-24 13:22:26,-21.15,149.2,67.05,59,0,5.41,clear sky
660,Corrales,US,2021-07-24 13:22:27,35.2378,-106.6067,66.65,83,75,3.44,broken clouds
661,San Ramon,US,2021-07-24 13:21:32,37.7799,-121.978,60.82,85,1,5.75,clear sky
662,Muzhi,RU,2021-07-24 13:22:27,65.3667,64.6667,66.61,53,83,13.62,broken clouds
663,Gao,ML,2021-07-24 13:22:28,16.6362,1.637,82.09,50,100,17.65,overcast clouds
664,Mezhdurechensk,RU,2021-07-24 13:22:28,53.6942,88.0603,71.94,87,100,2.37,light rain
665,Kitimat,CA,2021-07-24 13:22:28,54.0524,-128.6534,57.58,96,100,1.99,light rain
666,Dolores,AR,2021-07-24 13:22:29,-36.3132,-57.6792,52.05,55,100,13.73,overcast clouds
667,Brigantine,US,2021-07-24 13:22:29,39.4101,-74.3646,79.14,65,1,3.44,clear sky
668,Bam,IR,2021-07-24 13:22:29,29.106,58.357,104.74,8,4,14.5,clear sky
669,Lorengau,PG,2021-07-24 13:22:30,-2.0226,147.2712,81.03,80,19,6.85,few clouds
